,Unnamed: 0,Unnamed: 0.1,cate_id,img_url,org_url,prd_nm,prd_id,rate_cnt,rate_val,sales_price,cate_nm,seller_id,has_stock
0,0,0,10101,http://gdimg.gmarket.co.kr/338385109/still/600?ver=1614748458,http://item.gmarket.co.kr/Item?goodscode=338385109,전국 빠른배송 단면 침대매트리스 싱글 발통 19.5cm ,338385109,"3,104",0,"58,700",일반침대,12,1
1,1,1,10101,http://gdimg.gmarket.co.kr/505777244/still/600?ver=1616662298,http://item.gmarket.co.kr/Item?goodscode=505777244,한정판매 오로라 LED 유로탑 침대세트 슈퍼싱글 퀸 ,505777244,286,0,"169,000",일반침대,12,1
2,2,2,10101,http://gdimg.gmarket.co.kr/2051289885/still/600?ver=1614749118,http://item.gmarket.co.kr/Item?goodscode=2051289885,전국 빠른배송 단면 침대매트리스 더블 퀸 발통 19.5 ,2051289885,87,0,"98,900",일반침대,12,1
3,3,3,10101,http://gdimg.gmarket.co.kr/866444375/still/600?ver=1623822010,http://item.gmarket.co.kr/Item?goodscode=866444375,아임빅 수납침대 SS 일반헤드형 프레임 ,866444375,171,0,"346,160",일반침대,12,1
4,4,4,10101,http://gdimg.gmarket.co.kr/364516803/still/600?ver=1617937329,http://item.gmarket.co.kr/Item?goodscode=364516803,HP-평상형 슈퍼싱글 + 파워본넬자가드 매트리스포함 ,364516803,617,0,"214,520",일반침대,12,1
5,5,5,10101,http://gdimg.gmarket.co.kr/1844597165/still/600?ver=1624462732,http://item.gmarket.co.kr/Item?goodscode=1844597165,동서가구  프레쉬 편백나무 원목 LED 평상형 침대 Q 프레임 ,1844597165,3,0,"250,800",일반침대,12,1
6,6,6,10101,http://gdimg.gmarket.co.kr/604670814/still/600?ver=1515662932,http://item.gmarket.co.kr/Item?goodscode=604670814,Ibed 싱글 슈퍼싱글 라텍스 독립 매트리스침대 ,604670814,141,0,"126,800",일반침대,12,1
7,7,7,10101,http://gdimg.gmarket.co.kr/602119941/still/600?ver=1605056356,http://item.gmarket.co.kr/Item?goodscode=602119941,(시즌특가) 피톤치드 S 싱글 편백나무침대 DF911244-1 ,602119941,158,0,"198,000",일반침대,12,1
8,8,8,10102,http://gdimg.gmarket.co.kr/1544643955/still/600?ver=1624807601,http://item.gmarket.co.kr/Item?goodscode=1544643955,에몬스 클레어 에디션 침대 슈퍼싱글(SS) ,1544643955,389,0,"509,570",수납침대,12,1
9,9,9,10102,http://gdimg.gmarket.co.kr/339279146/still/600?ver=1608190437,http://item.gmarket.co.kr/Item?goodscode=339279146,미니피스 싱글 슈퍼싱글+파워본넬자가드 매트리스포함 ,339279146,"1,742",0,"155,720",수납침대,12,1
10,10,10,10102,http://gdimg.gmarket.co.kr/881522684/still/600?ver=1623818007,http://item.gmarket.co.kr/Item?goodscode=881522684,아임빅 수납침대 SS 일반헤드형+노뜨LFK매트 ,881522684,791,0,"467,020",수납침대,12,1
11,11,11,10102,http://gdimg.gmarket.co.kr/2087839917/still/600?ver=1619068300,http://item.gmarket.co.kr/Item?goodscode=2087839917,(중복쿠폰5%)모노 무헤드 3단서랍 수납 침대 SS/Q ,2087839917,21,0,"179,000",수납침대,12,1
12,12,12,10102,http://gdimg.gmarket.co.kr/1466217270/still/600?ver=1599016748,http://item.gmarket.co.kr/Item?goodscode=1466217270,데일리 슈퍼싱글 수납 침대 프레임 학생침대 매트리스 ,1466217270,421,0,"168,000",수납침대,12,1
13,13,13,10102,http://gdimg.gmarket.co.kr/1426007615/still/600?ver=1623824990,http://item.gmarket.co.kr/Item?goodscode=1426007615,샘베딩 플레인 침대 SS 서랍형 프레임 ,1426007615,16,0,"290,280",수납침대,12,1
14,14,14,10102,http://gdimg.gmarket.co.kr/1654376975/still/600?ver=1597309984,http://item.gmarket.co.kr/Item?goodscode=1654376975,피터 빅서랍 3단 수납침대(매트제외-슈퍼싱글) ,1654376975,390,0,"139,000",수납침대,12,1
15,15,15,10102,http://gdimg.gmarket.co.kr/212586608/still/600?ver=1609295516,http://item.gmarket.co.kr/Item?goodscode=212586608,보스코4구 서랍침대/삼나무원목/수납침대/슈퍼/퀸/킹 ,212586608,6,0,"390,020",수납침대,12,1
16,16,16,10103,http://gdimg.gmarket.co.kr/1746697707/still/600?ver=1623510621,http://item.gmarket.co.kr/Item?goodscode=1746697707,탱크 철제 벙커침대 수납형 화이트 SS 수납계단형/ 옵티마 ,1746697707,0,0,"511,800",벙커침대,12,1
17,17,17,10103,http://gdimg.gmarket.co.kr/276407926/still/600?ver=1610522632,http://item.gmarket.co.kr/Item?goodscode=276407926,철제 분리형 책상 벙커침대 201 강판받침대+폼양면매트 ,276407926,24,0,"459,620",벙커침대,12,1
18,18,18,10103,http://gdimg.gmarket.co.kr/1740909383/still/600?ver=1621323210,http://item.gmarket.co.kr/Item?goodscode=1740909383,옵티마/화이트_GMB004WX-F/탱크 업다운 높이조절 철제 벙커침대 SS 원목사다리 ,1740909383,2,0,"422,190",벙커침대,12,1
19,19,19,10103,http://gdimg.gmarket.co.kr/1670502254/still/600?ver=1624877964,http://item.gmarket.co.kr/Item?goodscode=1670502254,에보니아  메리트 철재벙커침대_싱글_책상형(대)_매트제외  원목발판  / 성인겸용 ,1670502254,10,0,"248,000",벙커침대,12,1
20,20,20,10103,http://gdimg.gmarket.co.kr/1556282162/still/600?ver=1548928641,http://item.gmarket.co.kr/Item?goodscode=1556282162,튜브 철재벙커침대 S 기본형_매트제외 ,1556282162,3,0,"143,870",벙커침대,12,1
21,21,21,10103,http://gdimg.gmarket.co.kr/164522360/still/600?ver=1581048498,http://item.gmarket.co.kr/Item?goodscode=164522360,오키멧 인기 추천 침대 모음 (벙커/책상/이층) ,164522360,69,0,"239,000",벙커침대,12,1
22,22,22,10103,http://gdimg.gmarket.co.kr/652898893/still/600?ver=1614213573,http://item.gmarket.co.kr/Item?goodscode=652898893,오키멧 인기 침대 모음 (벙커/2층/책상/철제) ,652898893,23,0,"419,000",벙커침대,12,1
23,23,23,10103,http://gdimg.gmarket.co.kr/1659532529/still/600?ver=1577338916,http://item.gmarket.co.kr/Item?goodscode=1659532529,스토리쥬4 수납 벙커침대 기본형 IKST401 ,1659532529,49,0,"543,000",벙커침대,12,1
24,24,24,10104,http://gdimg.gmarket.co.kr/578960739/still/600?ver=1610497228,http://item.gmarket.co.kr/Item?goodscode=578960739,숨쉬는 침대 매트리스 깔판 높낮이 선택 슈퍼싱글 퀸 ,578960739,"2,511",0,"22,580",깔판,12,1
25,25,25,10104,http://gdimg.gmarket.co.kr/2012224007/still/600?ver=1611125739,http://item.gmarket.co.kr/Item?goodscode=2012224007,리타하우스 매트리스 4단 저상형 슈퍼싱글 SS 깔판 ,2012224007,20,0,"44,900",깔판,12,1
26,26,26,10104,http://gdimg.gmarket.co.kr/1705706652/still/600?ver=1573914856,http://item.gmarket.co.kr/Item?goodscode=1705706652,매트리스 받침대 2장 깔판 침대 프레임 저상형 매트 ,1705706652,28,0,"16,900",깔판,12,1
27,27,27,10201,http://gdimg.gmarket.co.kr/1761020754/still/600?ver=1610688807,http://item.gmarket.co.kr/Item?goodscode=1761020754,호텔매트리스 퀸사이즈(Q) ,1761020754,525,0,"259,000",매트리스,12,1
28,28,28,10201,http://gdimg.gmarket.co.kr/338411607/still/600?ver=1610636717,http://item.gmarket.co.kr/Item?goodscode=338411607,전국 빠른배송 양면 침대매트리스 파워본넬 싱글 ,338411607,"1,907",0,"58,760",매트리스,12,1
29,29,29,10201,http://gdimg.gmarket.co.kr/1487152517/still/600?ver=1607782114,http://item.gmarket.co.kr/Item?goodscode=1487152517,호텔용 침대매트리스 민트 싱글 슈퍼싱글 ,1487152517,69,0,"238,920",매트리스,12,1
30,30,30,10201,http://gdimg.gmarket.co.kr/637180756/still/600?ver=1617178984,http://item.gmarket.co.kr/Item?goodscode=637180756,단면매트리스 CL라텍스 기본내장 싱글 발통 19.5cm ,637180756,"1,667",0,"61,730",매트리스,12,1
31,31,31,10201,http://gdimg.gmarket.co.kr/628129044/still/600?ver=1617264292,http://item.gmarket.co.kr/Item?goodscode=628129044,양면 매트리스 디럭스 본넬 싱글 ,628129044,322,0,"52,900",매트리스,12,1
32,32,32,10201,http://gdimg.gmarket.co.kr/934687532/still/600?ver=1536727055,http://item.gmarket.co.kr/Item?goodscode=934687532,숙면프로젝트 채움 매트리스 사이즈별 특집전 ,934687532,295,0,"107,200",매트리스,12,1
33,33,33,10201,http://gdimg.gmarket.co.kr/1459913082/still/600?ver=1615163863,http://item.gmarket.co.kr/Item?goodscode=1459913082,슬립온 9존 독립스프링 롤매트리스SS(일반형) 택배발송 ,1459913082,133,0,"173,020",매트리스,12,1
34,34,34,10202,http://gdimg.gmarket.co.kr/1139203024/still/600?ver=1623907025,http://item.gmarket.co.kr/Item?goodscode=1139203024,쿨링 인견 토퍼 1+1 (슈퍼싱글/퀸/킹) ,1139203024,"2,629",0,"39,900",토퍼,12,1
35,35,35,10202,http://gdimg.gmarket.co.kr/631165011/still/600?ver=1623113363,http://item.gmarket.co.kr/Item?goodscode=631165011,부드럽고 포근한 밀림방지 누빔 침대패드 토퍼 요매트 ,631165011,"2,162",0,"13,900",토퍼,12,1
36,36,36,10202,http://gdimg.gmarket.co.kr/367503849/still/600?ver=1616986964,http://item.gmarket.co.kr/Item?goodscode=367503849,도툼한 누빔 요커버+정품정량 허브요솜세트/요매트 ,367503849,"2,112",0,"30,900",토퍼,12,1
37,37,37,10202,http://gdimg.gmarket.co.kr/1977335264/still/600?ver=1608209134,http://item.gmarket.co.kr/Item?goodscode=1977335264,무중력 마약매트리스 침대 1단 토퍼 슈퍼싱글 ,1977335264,289,0,"66,800",토퍼,12,1
38,38,38,10202,http://gdimg.gmarket.co.kr/1483649326/still/600?ver=1616053708,http://item.gmarket.co.kr/Item?goodscode=1483649326,자몬스 프리미엄 토퍼매트리스(빅스마일 역대 파격가) ,1483649326,717,0,"89,000",토퍼,12,1
39,39,39,10202,http://gdimg.gmarket.co.kr/1142846528/still/600?ver=1620693715,http://item.gmarket.co.kr/Item?goodscode=1142846528,푹신푹신 사계절 소프트 통풍 토퍼 1+1 ,1142846528,"2,685",0,"39,900",토퍼,12,1
40,40,40,10202,http://gdimg.gmarket.co.kr/865953068/still/600?ver=1621833567,http://item.gmarket.co.kr/Item?goodscode=865953068,시원하고 폭신한 시어서커 리플 토퍼 ,865953068,"7,259",0,"29,900",토퍼,12,1
41,41,41,10202,http://gdimg.gmarket.co.kr/182890773/still/600?ver=1621490095,http://item.gmarket.co.kr/Item?goodscode=182890773,폭신한 세미마이크로 토퍼 ,182890773,"2,222",0,"29,900",토퍼,12,1
42,42,42,103,http://gdimg.gmarket.co.kr/2113012367/still/600?ver=1620892183,http://item.gmarket.co.kr/Item?goodscode=2113012367,원목 거울 세트 화장대 수납 미니 서랍 좌식 -앨리스 ,2113012367,4,0,"989,850",화장대,12,1
43,43,43,103,http://gdimg.gmarket.co.kr/1516348203/still/600?ver=1624942977,http://item.gmarket.co.kr/Item?goodscode=1516348203,버니 수납 화장대 수납력최고+내일배송 ,1516348203,66,0,"129,000",화장대,12,1
44,44,44,103,http://gdimg.gmarket.co.kr/268571661/still/600?ver=0,http://item.gmarket.co.kr/Item?goodscode=268571661,프라임 실속 화장대/콘솔/화장대/거울/미니화장대 ,268571661,154,0,"69,900",화장대,12,1
45,45,45,103,http://gdimg.gmarket.co.kr/1499924808/still/600?ver=1538635363,http://item.gmarket.co.kr/Item?goodscode=1499924808,방친구 아미 좌식화장대 ,1499924808,210,0,"39,800",화장대,12,1
46,46,46,103,http://gdimg.gmarket.co.kr/395551046/still/600?ver=0,http://item.gmarket.co.kr/Item?goodscode=395551046,원목도장_유로 오크 화이트 2도어 화장대 세트 ,395551046,25,0,"106,620",화장대,12,1
47,47,47,103,http://gdimg.gmarket.co.kr/966051000/still/600?ver=0,http://item.gmarket.co.kr/Item?goodscode=966051000,헤라 화이트 원목도장 3도어 화장대 세트(의자포함) ,966051000,238,0,"99,000",화장대,12,1
48,48,48,104,http://gdimg.gmarket.co.kr/1759551557/still/600?ver=1610525345,http://item.gmarket.co.kr/Item?goodscode=1759551557,아르셰 문걸이 전신거울 원룸 문에거는거울 문거울 ,1759551557,129,0,"29,800",거울,12,1
49,49,49,104,http://gdimg.gmarket.co.kr/874596459/still/600?ver=1622452469,http://item.gmarket.co.kr/Item?goodscode=874596459,리빙 베스트 New 스타일체크 벽걸이/전신거울_LIVWIZ ,874596459,703,0,"19,680",거울,12,1
50,50,50,104,http://gdimg.gmarket.co.kr/1681800581/still/600?ver=1612485203,http://item.gmarket.co.kr/Item?goodscode=1681800581,데코퍼니쳐 무료배송 전신경300 전신거울 4컬러 ,1681800581,807,0,"13,700",거울,12,1
51,51,51,104,http://gdimg.gmarket.co.kr/949039199/still/600?ver=1605855361,http://item.gmarket.co.kr/Item?goodscode=949039199,루이송 올리브 스탠드 전신거울 이동식 수납 거울 (中) ,949039199,248,0,"29,200",거울,12,1
52,52,52,104,http://gdimg.gmarket.co.kr/262333433/still/600?ver=1610963902,http://item.gmarket.co.kr/Item?goodscode=262333433,에칭300 전신거울 / 거치대가 있는 완제품 무료배송 ,262333433,"2,706",0,"19,410",거울,12,1
53,53,53,105,http://gdimg.gmarket.co.kr/1364252305/still/600?ver=1593058933,http://item.gmarket.co.kr/Item?goodscode=1364252305,이케아 정품 KNARREVIK 침대협탁 블랙 ,1364252305,180,0,"22,800",협탁/사이드테이블,12,1
54,54,54,105,http://gdimg.gmarket.co.kr/1526483777/still/600?ver=1624959957,http://item.gmarket.co.kr/Item?goodscode=1526483777,이케아 NESNA 네스나 협탁 ,1526483777,126,0,"22,000",협탁/사이드테이블,12,1
55,55,55,105,http://gdimg.gmarket.co.kr/1720281665/still/600?ver=1623898841,http://item.gmarket.co.kr/Item?goodscode=1720281665,거실 소파 사이드 간이 테이블 침대 보조 철제 협탁 ,1720281665,210,0,"42,570",협탁/사이드테이블,12,1
56,56,56,105,http://gdimg.gmarket.co.kr/110661746/still/600?ver=1522652320,http://item.gmarket.co.kr/Item?goodscode=110661746,공간 협탁/침대 협탁/서랍장 ,110661746,122,0,"32,050",협탁/사이드테이블,12,1
57,57,57,105,http://gdimg.gmarket.co.kr/1601107105/still/600?ver=1623821949,http://item.gmarket.co.kr/Item?goodscode=1601107105,OMT 이동식 거실 소파 침대 사이드 테이블 ONA-604 ,1601107105,500,0,"23,420",협탁/사이드테이블,12,1
58,58,58,105,http://gdimg.gmarket.co.kr/124369013/still/600?ver=1607767153,http://item.gmarket.co.kr/Item?goodscode=124369013,사이드테이블/침대 베드 쇼파 이동식 간이 노트북책상 ,124369013,28,0,"22,900",협탁/사이드테이블,12,1
59,59,59,105,http://gdimg.gmarket.co.kr/1527564358/still/600?ver=1606193434,http://item.gmarket.co.kr/Item?goodscode=1527564358,베드트레이 독서대 좌식테이블 노트북거치대 책상  G6 ,1527564358,598,0,"41,640",협탁/사이드테이블,12,1
60,60,60,105,http://gdimg.gmarket.co.kr/1494849699/still/600?ver=1622705274,http://item.gmarket.co.kr/Item?goodscode=1494849699,누워서 보는 독서대 침대 노트북 테이블 2단 독서대 ,1494849699,238,0,"22,900",협탁/사이드테이블,12,1
61,61,61,20101,http://gdimg.gmarket.co.kr/829357631/still/600?ver=1597163453,http://item.gmarket.co.kr/Item?goodscode=829357631,빈스 2인용소파 2인쇼파 원룸쇼파 거실쇼파 ,829357631,0,0,"215,400",일반소파,12,1
62,62,62,20101,http://gdimg.gmarket.co.kr/883540706/still/600?ver=1610944362,http://item.gmarket.co.kr/Item?goodscode=883540706,카누 원목소파 2인용 소파 (중복쿠폰5%) ,883540706,144,0,"169,000",일반소파,12,1
63,63,63,20101,http://gdimg.gmarket.co.kr/374907063/still/600?ver=1610958278,http://item.gmarket.co.kr/Item?goodscode=374907063,엔느 2인 패브릭룩방수가죽/방수기능/2인쇼파 ,374907063,115,0,"136,220",일반소파,12,1
64,64,64,20101,http://gdimg.gmarket.co.kr/1111467566/still/600?ver=1527217936,http://item.gmarket.co.kr/Item?goodscode=1111467566,블레스 가구 스텔라2인 좌식쇼파 ,1111467566,17,0,"199,000",일반소파,12,1
65,65,65,20101,http://gdimg.gmarket.co.kr/1274162447/still/600?ver=1599460465,http://item.gmarket.co.kr/Item?goodscode=1274162447,마티노가구 로즈마리 2인용 엔틱 쇼파 원목/가죽소파 ,1274162447,13,0,"166,600",일반소파,12,1
66,66,66,20101,http://gdimg.gmarket.co.kr/2081681941/still/600?ver=1617465950,http://item.gmarket.co.kr/Item?goodscode=2081681941,마켓비 ETAN 패브릭 2인소파 애쉬/베이지 당일발송 ,2081681941,0,0,"377,300",일반소파,12,1
67,67,67,20101,http://gdimg.gmarket.co.kr/1426139434/still/600?ver=1611214808,http://item.gmarket.co.kr/Item?goodscode=1426139434,하이쿠션 좌식의자 루나 1인용소파 좌식쇼파 안락의자 ,1426139434,173,0,"81,320",일반소파,12,1
68,68,68,20102,http://gdimg.gmarket.co.kr/1892440634/still/600?ver=1623394198,http://item.gmarket.co.kr/Item?goodscode=1892440634,리클라이너소파 인테리어 안락의자 패브릭쇼파 1인용 ,1892440634,20,0,"142,100",리클라이너소파,12,1
69,69,69,20102,http://gdimg.gmarket.co.kr/1611864118/still/600?ver=1620372560,http://item.gmarket.co.kr/Item?goodscode=1611864118,루카 좌식의자 등받이 1인쇼파 리클라이너 ,1611864118,142,0,"69,500",리클라이너소파,12,1
70,70,70,20102,http://gdimg.gmarket.co.kr/1510961917/still/600?ver=1540543295,http://item.gmarket.co.kr/Item?goodscode=1510961917,1인용 리클라이너 소파 수동 전동_회전 흔들 컵홀더 ,1510961917,218,0,"199,000",리클라이너소파,12,1
71,71,71,20102,http://gdimg.gmarket.co.kr/776316142/still/600?ver=1611223916,http://item.gmarket.co.kr/Item?goodscode=776316142,회전 좌식소파 에이스 1인용 리클라이너 안락의자 ,776316142,70,0,"141,100",리클라이너소파,12,1
72,72,72,20103,http://gdimg.gmarket.co.kr/1234055388/still/600?ver=1612166521,http://item.gmarket.co.kr/Item?goodscode=1234055388,리도 컵홀더 3인용 패브릭룩 방수가죽 소파베드 ,1234055388,531,0,"148,770",소파베드,12,1
73,73,73,20103,http://gdimg.gmarket.co.kr/2071071069/still/600?ver=1616992659,http://item.gmarket.co.kr/Item?goodscode=2071071069,라텍스 1인 좌식 쇼파 호텔패브릭 바닥 소파베드 ,2071071069,17,0,"35,200",소파베드,12,1
74,74,74,20103,http://gdimg.gmarket.co.kr/718633259/still/600?ver=1611221115,http://item.gmarket.co.kr/Item?goodscode=718633259,2in1 소파베드 초콜렛 2인용소파 좌식소파 1인용침대 ,718633259,77,0,"153,840",소파베드,12,1
75,75,75,20103,http://gdimg.gmarket.co.kr/1604101136/still/600?ver=1599123067,http://item.gmarket.co.kr/Item?goodscode=1604101136,1인용 안락의자 각도조절 등받이 좌식 의자 쇼파베드 ,1604101136,122,0,"88,900",소파베드,12,1
76,76,76,20103,http://gdimg.gmarket.co.kr/227492352/still/600?ver=1619142849,http://item.gmarket.co.kr/Item?goodscode=227492352,윈디쇼파베드/소파베드/좌식쇼파/1인용쇼파/쇼파/싱글 ,227492352,31,0,"67,400",소파베드,12,1
77,77,77,20103,http://gdimg.gmarket.co.kr/1219435609/still/600?ver=1535424594,http://item.gmarket.co.kr/Item?goodscode=1219435609,플랩 이동형 소파베드(1인용)/패브릭소파/쇼파/8단 ,1219435609,3,0,"169,000",소파베드,12,1
78,78,78,20103,http://gdimg.gmarket.co.kr/1486663928/still/600?ver=1542785102,http://item.gmarket.co.kr/Item?goodscode=1486663928,좌식 리클라이너 3종/쇼파/소파/쇼파베드/안락의자 ,1486663928,127,0,"67,430",소파베드,12,1
79,79,79,20104,http://gdimg.gmarket.co.kr/1197532616/still/600?ver=1623826495,http://item.gmarket.co.kr/Item?goodscode=1197532616,빈백쇼파 1인용쇼파 버터플라이 Butterfly 좌식쇼파 ,1197532616,17,0,"185,220",안락의자/빈백,12,1
80,80,80,20104,http://gdimg.gmarket.co.kr/1386065477/still/600?ver=1613548945,http://item.gmarket.co.kr/Item?goodscode=1386065477,빈백소파 1인용 빈백 싱글쇼파 스툴쿠션 빈백804 ,1386065477,11,0,"69,000",안락의자/빈백,12,1
81,81,81,20104,http://gdimg.gmarket.co.kr/517992277/still/600?ver=1623710382,http://item.gmarket.co.kr/Item?goodscode=517992277,접이식 안락의자 포레스트 1인용소파 간이침대 암체어 ,517992277,186,0,"117,580",안락의자/빈백,12,1
82,82,82,20104,http://gdimg.gmarket.co.kr/1814298274/still/600?ver=1590219313,http://item.gmarket.co.kr/Item?goodscode=1814298274,쫀득 말랑말랑 미니 땅콩 빈백 내몸에 착붙는 편안함 ,1814298274,33,0,"40,900",안락의자/빈백,12,1
83,83,83,20104,http://gdimg.gmarket.co.kr/242819909/still/600?ver=1610587157,http://item.gmarket.co.kr/Item?goodscode=242819909,공의자 빈백/빈백소파/공소파/1인용소파 ,242819909,40,0,"29,210",안락의자/빈백,12,1
84,84,84,20104,http://gdimg.gmarket.co.kr/983003043/still/600?ver=1611477099,http://item.gmarket.co.kr/Item?goodscode=983003043,슈퍼특가 인텍스 정품 에어소파/에어매트 INTEX ,983003043,202,0,"25,900",안락의자/빈백,12,1
85,85,85,20104,http://gdimg.gmarket.co.kr/1441671679/still/600?ver=1620367770,http://item.gmarket.co.kr/Item?goodscode=1441671679,앙즈1인용쇼파/1인쇼파/1인용소파/디자인의자/체어 ,1441671679,8,0,"169,000",안락의자/빈백,12,1
86,86,86,202,http://gdimg.gmarket.co.kr/662653133/still/600?ver=1623639035,http://item.gmarket.co.kr/Item?goodscode=662653133,액자테이블 600x400 철사다리 접이식 좌식 책상 밥상 ,662653133,"4,093",0,"19,900",밥상/테이블,12,1
87,87,87,202,http://gdimg.gmarket.co.kr/1299490069/still/600?ver=1527729386,http://item.gmarket.co.kr/Item?goodscode=1299490069,다용도상 좌식 LPM테이블 접이식 밥상 찻상 원형 750 ,1299490069,83,0,"30,800",밥상/테이블,12,1
88,88,88,202,http://gdimg.gmarket.co.kr/246908867/still/600?ver=1558943989,http://item.gmarket.co.kr/Item?goodscode=246908867,1인 밥상 노트북테이블 좌식 접이식 공부상 가로60CM ,246908867,89,0,"10,900",밥상/테이블,12,1
89,89,89,202,http://gdimg.gmarket.co.kr/1516914221/still/600?ver=1595902277,http://item.gmarket.co.kr/Item?goodscode=1516914221,메드퍼드 확장형 식탁/접이식/테이블/원목식탁  단품 ,1516914221,48,0,"139,000",밥상/테이블,12,1
90,90,90,203,http://gdimg.gmarket.co.kr/2004373946/still/600?ver=1615181884,http://item.gmarket.co.kr/Item?goodscode=2004373946,레더 벤치 수납의자 ,2004373946,102,0,"20,900",스툴,12,1
91,91,91,203,http://gdimg.gmarket.co.kr/1726041661/still/600?ver=1620746786,http://item.gmarket.co.kr/Item?goodscode=1726041661,(현대Hmall) 삼익가구 니모 원형 원목 수납 스툴 화장대 의자 ,1726041661,93,0,"20,000",스툴,12,1
92,92,92,301,http://gdimg.gmarket.co.kr/1584555024/still/600?ver=1553960165,http://item.gmarket.co.kr/Item?goodscode=1584555024,라임하우스 라탄 플라스틱 5단 서랍장 /고급형 3단 5단 ,1584555024,542,0,"44,290",서랍장,12,1
93,93,93,301,http://gdimg.gmarket.co.kr/779341583/still/600?ver=1623823170,http://item.gmarket.co.kr/Item?goodscode=779341583,샘베딩 스테디 서랍장 5단 800 ,779341583,266,0,"203,260",서랍장,12,1
94,94,94,301,http://gdimg.gmarket.co.kr/1776579237/still/600?ver=1623825445,http://item.gmarket.co.kr/Item?goodscode=1776579237,3단 투명 플라스틱서랍장 정리함 수납장 리빙박스 S303 ,1776579237,981,0,"21,900",서랍장,12,1
95,95,95,301,http://gdimg.gmarket.co.kr/1472711778/still/600?ver=1623822075,http://item.gmarket.co.kr/Item?goodscode=1472711778,모듈 3단 도어형 공간박스 수납장 MDB-3D ,1472711778,801,0,"24,900",서랍장,12,1
96,96,96,301,http://gdimg.gmarket.co.kr/1124924130/still/600?ver=1623822290,http://item.gmarket.co.kr/Item?goodscode=1124924130,아이리스 5단 플라스틱서랍장 HG-555 고급 레일서랍장 ,1124924130,445,0,"94,900",서랍장,12,1
97,97,97,301,http://gdimg.gmarket.co.kr/1737240807/still/600?ver=1619545680,http://item.gmarket.co.kr/Item?goodscode=1737240807,아이엔지홈  알렉스 1200 높은수납장 ALEX 화이트 화이트 ,1737240807,14,0,"155,490",서랍장,12,1
98,98,98,301,http://gdimg.gmarket.co.kr/999353294/still/600?ver=1585181906,http://item.gmarket.co.kr/Item?goodscode=999353294,철제캐비넷 수납장 서랍장 철재 다용도 미니 ,999353294,14,0,"84,900",서랍장,12,1
99,99,99,302,http://gdimg.gmarket.co.kr/1523609054/still/600?ver=1610511711,http://item.gmarket.co.kr/Item?goodscode=1523609054,MF 메탈 철제 수납 선반 600 4단 + 고리증정 ,1523609054,716,0,"29,900",선반,12,1
100,100,100,302,http://gdimg.gmarket.co.kr/1401004224/still/600?ver=1592205843,http://item.gmarket.co.kr/Item?goodscode=1401004224,다용도 원목 철제 수납 선반 미니 3단 4단 선반장 ,1401004224,143,0,"33,900",선반,12,1
101,101,101,302,http://gdimg.gmarket.co.kr/1738149027/still/600?ver=1602137602,http://item.gmarket.co.kr/Item?goodscode=1738149027,블랙스틸 인테리어 3단 선반장 YS506 ,1738149027,0,0,"58,080",선반,12,1
102,102,102,302,http://gdimg.gmarket.co.kr/1776476465/still/600?ver=1585273899,http://item.gmarket.co.kr/Item?goodscode=1776476465,이케아 PLATSA 플랏사 오픈 선반유닛80x40x60/선반장 ,1776476465,0,0,"39,800",선반,12,1
103,103,103,302,http://gdimg.gmarket.co.kr/1205730505/still/600?ver=1618810081,http://item.gmarket.co.kr/Item?goodscode=1205730505,위더스 모비선반 A형 단독형 ,1205730505,10,0,"65,520",선반,12,1
104,104,104,302,http://gdimg.gmarket.co.kr/809305167/still/600?ver=1623031217,http://item.gmarket.co.kr/Item?goodscode=809305167,원목 접이식 코너 선반/ 벤트리(리빙) ,809305167,9,0,"36,900",선반,12,1
105,105,105,303,http://gdimg.gmarket.co.kr/400849120/still/600?ver=1622505078,http://item.gmarket.co.kr/Item?goodscode=400849120,시크 렌지대 오리지널/ 데코라인 ,400849120,36,0,"87,220",렌지대,12,1
106,106,106,303,http://gdimg.gmarket.co.kr/962761921/still/600?ver=1624012199,http://item.gmarket.co.kr/Item?goodscode=962761921,레이저 1800 LPM하이그로시 식탁렌지대/ 동서가구 ,962761921,11,0,"126,420",렌지대,12,1
107,107,107,303,http://gdimg.gmarket.co.kr/838398417/still/600?ver=1624266182,http://item.gmarket.co.kr/Item?goodscode=838398417,엘레아 로이 1800 접이식 식탁 렌지대 ,838398417,2,0,"172,900",렌지대,12,1
108,108,108,303,http://gdimg.gmarket.co.kr/629345938/still/600?ver=1623824810,http://item.gmarket.co.kr/Item?goodscode=629345938,머그 아일랜드 식탁 (의자 미포함) ,629345938,45,0,"214,960",렌지대,12,1
109,109,109,303,http://gdimg.gmarket.co.kr/2089565514/still/600?ver=1618384862,http://item.gmarket.co.kr/Item?goodscode=2089565514,아일랜드수납장 서랍장전자렌지선반 홈 바테이블 -밀란 ,2089565514,14,0,"58,610",렌지대,12,1
110,110,110,303,http://gdimg.gmarket.co.kr/1436520797/still/600?ver=1569569129,http://item.gmarket.co.kr/Item?goodscode=1436520797,헤르본 1200렌지대겸식탁세트 ,1436520797,2,0,"135,000",렌지대,12,1
111,111,111,30401,http://gdimg.gmarket.co.kr/838553335/still/600?ver=1624415821,http://item.gmarket.co.kr/Item?goodscode=838553335,샘베딩 스테디 옷장 80cm (높이194cm) 3단서랍형 ,838553335,227,0,"247,420",옷장,12,1
112,112,112,30401,http://gdimg.gmarket.co.kr/566443411/still/600?ver=1596164503,http://item.gmarket.co.kr/Item?goodscode=566443411,나비 긴문장 (양복장/이불장) 내부선택 옷장 원룸가구 ,566443411,363,0,"64,900",옷장,12,1
113,113,113,30401,http://gdimg.gmarket.co.kr/1680520407/still/600?ver=1623821640,http://item.gmarket.co.kr/Item?goodscode=1680520407,도어오픈형 비키니옷장 자취 원룸 행거 여닫이 87 ,1680520407,79,0,"41,060",옷장,12,1
114,114,114,30401,http://gdimg.gmarket.co.kr/699638467/still/600?ver=1617001230,http://item.gmarket.co.kr/Item?goodscode=699638467,(초특가) 루나 400 800 옷장 모음전/장롱/수납장 ,699638467,549,0,"75,900",옷장,12,1
115,115,115,30401,http://gdimg.gmarket.co.kr/1403784185/still/600?ver=1532332866,http://item.gmarket.co.kr/Item?goodscode=1403784185,이음1600장롱세트CM (3서랍옷장+거울옷장/이불장) ,1403784185,154,0,"169,000",옷장,12,1
116,116,116,30402,http://gdimg.gmarket.co.kr/1199917327/still/600?ver=1565151999,http://item.gmarket.co.kr/Item?goodscode=1199917327,왕자뉴이동식조절선반행거(327)옷걸이 공간활용만점 ,1199917327,"1,729",0,"18,530",행거,12,1
117,117,117,30402,http://gdimg.gmarket.co.kr/1699439124/still/600?ver=1572932312,http://item.gmarket.co.kr/Item?goodscode=1699439124,하이라인 행거 H2200 / 이동식행거 옷걸이행거 스탠드 ,1699439124,"1,252",0,"19,710",행거,12,1
118,118,118,30402,http://gdimg.gmarket.co.kr/1706929431/still/600?ver=1574152118,http://item.gmarket.co.kr/Item?goodscode=1706929431,OMT 철재 2단 수납 선반  옷걸이 스탠드 행거 OR-L3 ,1706929431,111,0,"17,400",행거,12,1
119,119,119,30402,http://gdimg.gmarket.co.kr/1873136412/still/600?ver=1615346828,http://item.gmarket.co.kr/Item?goodscode=1873136412,아이리스 튼튼 모던 선반 행거 ,1873136412,114,0,"64,900",행거,12,1
120,120,120,30402,http://gdimg.gmarket.co.kr/1446257305/still/600?ver=1596675037,http://item.gmarket.co.kr/Item?goodscode=1446257305,KM-T6330 스틸 수납행거(선반형)/ 수납선반/ 수납장 ,1446257305,213,0,"48,900",행거,12,1
121,121,121,30402,http://gdimg.gmarket.co.kr/1652756455/still/600?ver=1611731450,http://item.gmarket.co.kr/Item?goodscode=1652756455,아이리스 선반 디자인행거 스타일행거 옷걸이 PI-B1 ,1652756455,203,0,"34,900",행거,12,1
122,122,122,30402,http://gdimg.gmarket.co.kr/1957971564/still/600?ver=1612166526,http://item.gmarket.co.kr/Item?goodscode=1957971564,철제 수납 선반 겸용 거실 스탠드 옷걸이 행거 OHG-B1 ,1957971564,205,0,"17,900",행거,12,1
123,123,123,30402,http://gdimg.gmarket.co.kr/1947329800/still/600?ver=1619350074,http://item.gmarket.co.kr/Item?goodscode=1947329800,예다움 원목 사다리 행거 우드 코트랙 사다리옷걸이 ,1947329800,5,0,"34,330",행거,12,1
124,124,124,401,http://gdimg.gmarket.co.kr/830459897/still/600?ver=1562652573,http://item.gmarket.co.kr/Item?goodscode=830459897,바오 1인용 컴퓨터책상 학생 일자형 좌식책상무료배송 ,830459897,"2,978",0,"24,900",책상,12,1
125,125,125,401,http://gdimg.gmarket.co.kr/615988908/still/600?ver=1623829807,http://item.gmarket.co.kr/Item?goodscode=615988908,스카겐 데스크/ 오투 ,615988908,1,0,"293,020",책상,12,1
126,126,126,401,http://gdimg.gmarket.co.kr/1781095158/still/600?ver=1619101402,http://item.gmarket.co.kr/Item?goodscode=1781095158,(현대Hmall) 오크빌 오던원목책상1200 ,1781095158,5,0,"122,400",책상,12,1
127,127,127,401,http://gdimg.gmarket.co.kr/2125160253/still/600?ver=1622187394,http://item.gmarket.co.kr/Item?goodscode=2125160253,KUBO 철제 책상 ,2125160253,0,0,"42,900",책상,12,1
128,128,128,401,http://gdimg.gmarket.co.kr/1482145229/still/600?ver=1617959746,http://item.gmarket.co.kr/Item?goodscode=1482145229,거북목예방 일자목예방 높이조절 스탠딩테이블 책상 12 ,1482145229,287,0,"46,410",책상,12,1
129,129,129,401,http://gdimg.gmarket.co.kr/1670556223/still/600?ver=1623824977,http://item.gmarket.co.kr/Item?goodscode=1670556223,티오 일반 책상세트 5단 120cm ,1670556223,437,0,"314,920",책상,12,1
130,130,130,401,http://gdimg.gmarket.co.kr/1855320106/still/600?ver=1617353557,http://item.gmarket.co.kr/Item?goodscode=1855320106,루시 선반형 책상 1000 컴퓨터책상 철제책상 학생책상 ,1855320106,101,0,"43,420",책상,12,1
131,131,131,401,http://gdimg.gmarket.co.kr/634405821/still/600?ver=1615955296,http://item.gmarket.co.kr/Item?goodscode=634405821,입좌식 겸용 책상 컴퓨터책상 좌식책상 ,634405821,41,0,"67,000",책상,12,1
132,132,132,40201,http://gdimg.gmarket.co.kr/1130599928/still/600?ver=1623385684,http://item.gmarket.co.kr/Item?goodscode=1130599928,A무료반품 사무실 사무용 학생 공부 컴퓨터 책상의자 ,1130599928,"2,574",0,"33,480",책상의자,12,1
133,133,133,40201,http://gdimg.gmarket.co.kr/214407000/still/600?ver=1619163557,http://item.gmarket.co.kr/Item?goodscode=214407000,누적판매 1위 컴퓨터/책상/학생/사무용의자 ,214407000,"4,209",0,"34,200",책상의자,12,1
134,134,134,40201,http://gdimg.gmarket.co.kr/681201111/still/600?ver=1585190948,http://item.gmarket.co.kr/Item?goodscode=681201111,의자 컴퓨터 사무용 PC방 게이밍 책상 학생 중역 게임 ,681201111,710,0,"52,940",책상의자,12,1
135,135,135,40201,http://gdimg.gmarket.co.kr/1620297481/still/600?ver=1559701352,http://item.gmarket.co.kr/Item?goodscode=1620297481,에펠 의자 회전형 책상의자 카페의자 인테리어의자 ,1620297481,47,0,"39,900",책상의자,12,1
136,136,136,40201,http://gdimg.gmarket.co.kr/833608598/still/600?ver=1623736759,http://item.gmarket.co.kr/Item?goodscode=833608598,Q1 메쉬의자 컴퓨터의자 책상의자 사무용의자 본사직영 ,833608598,411,0,"162,510",책상의자,12,1
137,137,137,40201,http://gdimg.gmarket.co.kr/910083845/still/600?ver=1624519705,http://item.gmarket.co.kr/Item?goodscode=910083845,Best seller 퓨어 화이트프레임 책상의자 10년 보증 ,910083845,655,0,"139,000",책상의자,12,1
138,138,138,40202,http://gdimg.gmarket.co.kr/1545607728/still/600?ver=1611102549,http://item.gmarket.co.kr/Item?goodscode=1545607728,H 업소용 카페 테이블 식탁 식당 인테리 디자인 의자 ,1545607728,80,0,"29,900",인테리어의자,12,1
139,139,139,40202,http://gdimg.gmarket.co.kr/326002679/still/600?ver=1610693193,http://item.gmarket.co.kr/Item?goodscode=326002679,울리불리체어 식탁 책상 인테리어 카페 디자인 의자 ,326002679,106,0,"24,900",인테리어의자,12,1
140,140,140,40202,http://gdimg.gmarket.co.kr/1343434298/still/600?ver=1615520301,http://item.gmarket.co.kr/Item?goodscode=1343434298,비올렛체어 패브릭의자 철제의자 디자인의자 카페의자 ,1343434298,13,0,"43,600",인테리어의자,12,1
141,141,141,40202,http://gdimg.gmarket.co.kr/1735053212/still/600?ver=1615713575,http://item.gmarket.co.kr/Item?goodscode=1735053212,체코라탄체어 라탄의자 카페 디자인 인테리어 ,1735053212,0,0,"149,400",인테리어의자,12,1
142,142,142,40202,http://gdimg.gmarket.co.kr/1704903729/still/600?ver=1623751658,http://item.gmarket.co.kr/Item?goodscode=1704903729,한샘몰X모빌리  빈티지 체어 (택1)(택배비 포함가) ,1704903729,3,0,"56,900",인테리어의자,12,1
143,143,143,40202,http://gdimg.gmarket.co.kr/1284937678/still/600?ver=1604389119,http://item.gmarket.co.kr/Item?goodscode=1284937678,보스턴 체어 원목의자 식탁의자 디자인체어 카페 우드 ,1284937678,13,0,"51,940",인테리어의자,12,1
144,144,144,40202,http://gdimg.gmarket.co.kr/1968776703/still/600?ver=1610515107,http://item.gmarket.co.kr/Item?goodscode=1968776703,바의자 아일랜드식탁의자 홈바의자 카페의자 바텐의자 ,1968776703,141,0,"40,000",인테리어의자,12,1
145,145,145,40202,http://gdimg.gmarket.co.kr/1335627781/still/600?ver=1617338183,http://item.gmarket.co.kr/Item?goodscode=1335627781,홈바의자 특가 + 인테리어 높은 아일랜드 식탁의자 6종 ,1335627781,59,0,"38,120",인테리어의자,12,1
146,146,146,403,http://gdimg.gmarket.co.kr/2055361101/still/600?ver=1618158379,http://item.gmarket.co.kr/Item?goodscode=2055361101,(현대Hmall) 두닷모노  레이 2단 책장_LO ,2055361101,0,0,"53,010",책장,12,1
147,147,147,403,http://gdimg.gmarket.co.kr/1467291231/still/600?ver=1623822182,http://item.gmarket.co.kr/Item?goodsCode=1467291231,샘 책장 5단 120cm 시공 ,1467291231,"1,593",0,"102,950",책장,12,1
148,148,148,403,http://gdimg.gmarket.co.kr/1988051316/still/600?ver=1608780115,http://item.gmarket.co.kr/Item?goodscode=1988051316,OMT 원목5단 책상 소품 수납 책꽂이 책장 선반OTB-5BK ,1988051316,57,0,"24,550",책장,12,1
149,149,149,403,http://gdimg.gmarket.co.kr/1221791325/still/600?ver=1611293198,http://item.gmarket.co.kr/Item?goodscode=1221791325,누드형공간박스9P 수납박스 수납장 책장 다용도 정리 ,1221791325,106,0,"29,400",책장,12,1
150,150,150,403,http://gdimg.gmarket.co.kr/1278037424/still/600?ver=1619246896,http://item.gmarket.co.kr/Item?goodscode=1278037424,트리빔하우스  1200 파티션 낮은 책장 ,1278037424,2,0,"77,080",책장,12,1
151,151,151,403,http://gdimg.gmarket.co.kr/1445195179/still/600?ver=1597366021,http://item.gmarket.co.kr/Item?goodscode=1445195179,KM-8620S  미니 철재책꽂이/ 진열대/수납장/ 잡지꽂이 ,1445195179,68,0,"25,900",책장,12,1
152,152,152,403,http://gdimg.gmarket.co.kr/639830348/still/600?ver=1623824807,http://item.gmarket.co.kr/Item?goodscode=639830348,프렌즈 소호 1200 낮은책장 ,639830348,89,0,"78,000",책장,12,1
153,153,153,403,http://gdimg.gmarket.co.kr/641286154/still/600?ver=1561620131,http://item.gmarket.co.kr/Item?goodscode=641286154,뉴프렌즈 1200 낮은책장 화이트외 ,641286154,66,0,"90,000",책장,12,1
154,154,154,8101,http://gdimg.gmarket.co.kr/728377926/still/600?ver=1614642719,http://item.gmarket.co.kr/Item?goodscode=728377926,원탁 원형500형 원형다리 티테이블 식탁 카페 거실 ,728377926,95,0,"63,000",카페감성테이블,12,1
155,155,155,8101,http://gdimg.gmarket.co.kr/2063473184/still/600?ver=1615820472,http://item.gmarket.co.kr/Item?goodscode=2063473184,(원형테이블 블랙) 접이식 원형테이블 간이 카페 커피 ,2063473184,1,0,"46,670",카페감성테이블,12,1
156,156,156,8101,http://gdimg.gmarket.co.kr/1125416643/still/600?ver=1617611015,http://item.gmarket.co.kr/Item?goodscode=1125416643,제니 티 테이블 600 원형테이블 카페테이블 홈카페 ,1125416643,244,0,"42,970",카페감성테이블,12,1
157,157,157,8101,http://gdimg.gmarket.co.kr/1502605149/still/600?ver=1539154083,http://item.gmarket.co.kr/Item?goodscode=1502605149,티테이블 원형테이블 인테리어 카페 원탁 다용도 거실 ,1502605149,4,0,"58,310",카페감성테이블,12,1
158,158,158,8101,http://gdimg.gmarket.co.kr/951586778/still/600?ver=1591986633,http://item.gmarket.co.kr/Item?goodscode=951586778,원목 카페테이블 커피테이블 티테이블 사각600네추럴 ,951586778,5,0,"64,900",카페감성테이블,12,1
159,159,159,8101,http://gdimg.gmarket.co.kr/1833831319/still/600?ver=1624045886,http://item.gmarket.co.kr/Item?goodscode=1833831319,(현대Hmall) Hmall x UFO  캠퍼필드 카이노스 다보티크 세트 ,1833831319,335,0,"36,040",카페감성테이블,12,1
160,160,160,8101,http://gdimg.gmarket.co.kr/1224736506/still/600?ver=1533537729,http://item.gmarket.co.kr/Item?goodscode=1224736506,식탁/티테이블/간이테이블/ 접이식 원형테이블 대 ,1224736506,79,0,"35,900",카페감성테이블,12,1
161,161,161,8101,http://gdimg.gmarket.co.kr/1278349143/still/600?ver=1540225510,http://item.gmarket.co.kr/Item?goodscode=1278349143,원목 카페 커피 티테이블 직사각900네추럴 ,1278349143,4,0,"68,510",카페감성테이블,12,1
162,162,162,8101,http://gdimg.gmarket.co.kr/2050082609/still/600?ver=1614663706,http://item.gmarket.co.kr/Item?goodscode=2050082609,유니테이블 800사각 화이트 식탁 카페 티테이블 ,2050082609,0,0,"79,000",카페감성테이블,12,1
163,163,163,8102,http://gdimg.gmarket.co.kr/2027699677/still/600?ver=1612499608,http://item.gmarket.co.kr/Item?goodscode=2027699677,01. 베릴 시리얼볼 450ml 8종 홈 카페 에이드 아메리 ,2027699677,0,0,"4,810",갬성돋는컵/잔,12,1
164,164,164,8102,http://gdimg.gmarket.co.kr/1860382224/still/600?ver=1613693793,http://item.gmarket.co.kr/Item?goodscode=1860382224,서울우유 레트로 유리컵 홈카페 옛날 우유컵 우유잔 ,1860382224,22,0,"11,000",갬성돋는컵/잔,12,1
165,165,165,8102,http://gdimg.gmarket.co.kr/1992044864/still/600?ver=1609155479,http://item.gmarket.co.kr/Item?goodscode=1992044864,오로라 유리잔 2개 홀로그램 유리컵 홈카페 파티 커피 ,1992044864,24,0,"7,000",갬성돋는컵/잔,12,1
166,166,166,8102,http://gdimg.gmarket.co.kr/2076854152/still/600?ver=1619513647,http://item.gmarket.co.kr/Item?goodscode=2076854152,인블룸 1+1 홈카페 메리 홀로그램 유리컵 500ml ,2076854152,10,0,"13,300",갬성돋는컵/잔,12,1
167,167,167,8105,http://gdimg.gmarket.co.kr/1903844043/still/600?ver=1605761310,http://item.gmarket.co.kr/Item?goodscode=1903844043,그라인드앤드립 커피머신기 가정용 홈카페 WC4131 ,1903844043,170,0,"191,100",홈카페가전,12,1
168,168,168,8105,http://gdimg.gmarket.co.kr/1457494194/still/600?ver=1611044872,http://item.gmarket.co.kr/Item?goodscode=1457494194,네스프레소 에센자 미니 C30 캡슐커피머신 화이트 ,1457494194,265,0,"147,870",홈카페가전,12,1
169,169,169,8105,http://gdimg.gmarket.co.kr/1822990944/still/600?ver=1616461180,http://item.gmarket.co.kr/Item?goodscode=1822990944,(최종 26600원) 데일리 컬렉션 토스터기 HD2584/30 ,1822990944,934,0,"33,000",홈카페가전,12,1
170,170,170,8105,http://gdimg.gmarket.co.kr/865901607/still/600?ver=1526458818,http://item.gmarket.co.kr/Item?goodscode=865901607,2구 7단 굽기조절 레버형 클래식 토스터기 TA1140 팝업 ,865901607,678,0,"20,490",홈카페가전,12,1
171,171,171,8105,http://gdimg.gmarket.co.kr/1684008651/still/600?ver=1624639043,http://item.gmarket.co.kr/Item?goodscode=1684008651,테팔  토스터 솔레이 TT303 ,1684008651,240,0,"35,640",홈카페가전,12,1
172,172,172,8105,http://gdimg.gmarket.co.kr/2000363010/still/600?ver=1621499924,http://item.gmarket.co.kr/Item?goodscode=2000363010,2구 샌드위치 크로플 와플 메이커 화이트(DA-SAN02) ,2000363010,657,0,"59,800",홈카페가전,12,1
173,173,173,8105,http://gdimg.gmarket.co.kr/2084319560/still/600?ver=1624975401,http://item.gmarket.co.kr/Item?goodscode=2084319560,데일리룸 데일리룸 트윈 샌드위치 와플메이커 ,2084319560,295,0,"45,080",홈카페가전,12,1
174,174,174,8201,http://gdimg.gmarket.co.kr/1170343302/still/600?ver=1623293644,http://item.gmarket.co.kr/Item?goodscode=1170343302,데이앤나잇 2인 쇼파베드 쿠션2ea증정 푹신한 간이침대 ,1170343302,523,0,"96,920",집콕모드가구,12,1
175,175,175,8201,http://gdimg.gmarket.co.kr/1588785063/still/600?ver=1554640186,http://item.gmarket.co.kr/Item?goodscode=1588785063,비제 스툴 카우치 트렌스폼 멀티 소파베드 2컬러 ,1588785063,70,0,"159,000",집콕모드가구,12,1
176,176,176,8201,http://gdimg.gmarket.co.kr/131586882/still/600?ver=1615359642,http://item.gmarket.co.kr/Item?goodscode=131586882,3단 5단 접이식 매트리스 쇼파베드 침대 토퍼 매트 ,131586882,235,0,"118,000",집콕모드가구,12,1
177,177,177,8201,http://gdimg.gmarket.co.kr/960312103/still/600?ver=1607386112,http://item.gmarket.co.kr/Item?goodscode=960312103,라인 소파베드/3인용쇼파/듀얼각도조절 ,960312103,327,0,"112,690",집콕모드가구,12,1
178,178,178,8201,http://gdimg.gmarket.co.kr/532280484/still/600?ver=1621484168,http://item.gmarket.co.kr/Item?goodscode=532280484,론드 4단통서랍형 슈퍼싱글 침대 +무소음 양면매트리스 ,532280484,37,0,"269,000",집콕모드가구,12,1
179,179,179,8201,http://gdimg.gmarket.co.kr/1722356297/still/600?ver=1576592649,http://item.gmarket.co.kr/Item?goodscode=1722356297,베드트레이 독서대 테이블 노트북거치대 좌식책상  K7 ,1722356297,220,0,"51,440",집콕모드가구,12,1
180,180,180,8201,http://gdimg.gmarket.co.kr/1513503751/still/600?ver=1596074227,http://item.gmarket.co.kr/Item?goodscode=1513503751,이동식 침대 노트북 책상 베드 트레이 사이드 테이블 ,1513503751,91,0,"68,000",집콕모드가구,12,1
181,181,181,8201,http://gdimg.gmarket.co.kr/917419545/still/600?ver=1623890644,http://item.gmarket.co.kr/Item?goodscode=917419545,Back-UP 좌식소파 데일리 1인용 리클라이너 안락의자 ,917419545,405,0,"85,240",집콕모드가구,12,1
182,182,182,8202,http://gdimg.gmarket.co.kr/907563574/still/600?ver=1620287422,http://item.gmarket.co.kr/Item?goodscode=907563574,유니크한 패턴감각 대쿠션(솜포함) 등쿠션 바디필로우 ,907563574,"5,749",0,"9,900",세상편한쿠션,12,1
183,183,183,8202,http://gdimg.gmarket.co.kr/183452303/still/600?ver=1612184445,http://item.gmarket.co.kr/Item?goodscode=183452303,국내산원단 침대헤드쿠션+솜포함/대쿠션/등쿠션 ,183452303,580,0,"22,900",세상편한쿠션,12,1
184,184,184,8202,http://gdimg.gmarket.co.kr/1568856168/still/600?ver=1611822346,http://item.gmarket.co.kr/Item?goodscode=1568856168,북유럽 감성 삼각 등쿠션 대 인테리어/침대/쇼파 ,1568856168,433,0,"20,800",세상편한쿠션,12,1
185,185,185,8202,http://gdimg.gmarket.co.kr/834663965/still/600?ver=1619708416,http://item.gmarket.co.kr/Item?goodscode=834663965,I자. U자형. 원형 바디필로우/삼각쿠션 ,834663965,"1,525",0,"17,900",세상편한쿠션,12,1
186,186,186,8202,http://gdimg.gmarket.co.kr/1495274317/still/600?ver=1612848968,http://item.gmarket.co.kr/Item?goodscode=1495274317,롱쿠션 커버/바디필로우/침대범퍼/롱베개 /깅엄 베이지 ,1495274317,541,0,"8,900",세상편한쿠션,12,1
187,187,187,8202,http://gdimg.gmarket.co.kr/1781604818/still/600?ver=1585979935,http://item.gmarket.co.kr/Item?goodscode=1781604818,마켓민빈백/소파/빈백소파/1인소파/빈백가구/대형빈백 ,1781604818,17,0,"63,000",세상편한쿠션,12,1
188,188,188,8202,http://gdimg.gmarket.co.kr/1764356227/still/600?ver=1610525034,http://item.gmarket.co.kr/Item?goodscode=1764356227,아르셰 모찌 빈백 등쿠션 1인 소파 ,1764356227,86,0,"99,000",세상편한쿠션,12,1
189,189,189,8203,http://gdimg.gmarket.co.kr/2005187538/still/600?ver=1620629733,http://item.gmarket.co.kr/Item?goodscode=2005187538,최고급형 태블릿 핸드폰 스마트폰 침대 거치대 자바라 ,2005187538,543,0,"27,500",실용성갑거치대,12,1
190,190,190,8203,http://gdimg.gmarket.co.kr/1748254455/still/600?ver=1610590451,http://item.gmarket.co.kr/Item?goodscode=1748254455,U64 블랙 핸드폰 태블릿 pc 아이패드 자바라 거치대 ,1748254455,936,0,"24,400",실용성갑거치대,12,1
191,191,191,8203,http://gdimg.gmarket.co.kr/1871820315/still/600?ver=1610494449,http://item.gmarket.co.kr/Item?goodscode=1871820315,탄소강 스마트폰/태블릿 거치대 자바라포함 블랙 ,1871820315,787,0,"19,800",실용성갑거치대,12,1
192,192,192,8203,http://gdimg.gmarket.co.kr/1820144933/still/600?ver=1623808071,http://item.gmarket.co.kr/Item?goodscode=1820144933,강블리라이프 스마트폰 태블릿 자바라 거치대 1+1 ,1820144933,194,0,"15,750",실용성갑거치대,12,1
193,193,193,8203,http://gdimg.gmarket.co.kr/1942863995/still/600?ver=1611209309,http://item.gmarket.co.kr/Item?goodscode=1942863995,스마트 앵글 스탠드 거치대 휴대폰 거치대 생활용품 ,1942863995,"2,196",0,"10,900",실용성갑거치대,12,1
194,194,194,8203,http://gdimg.gmarket.co.kr/1939989530/still/600?ver=1605004645,http://item.gmarket.co.kr/Item?goodscode=1939989530,일상공감 스탠드업 목걸이 거치대 ,1939989530,131,0,"26,900",실용성갑거치대,12,1
195,195,195,8203,http://gdimg.gmarket.co.kr/222284700/still/600?ver=1611721760,http://item.gmarket.co.kr/Item?goodscode=222284700,독서대 책 받침대 걸이 패드 테블릿 거치대 단체 선물 ,222284700,"1,707",0,"15,500",실용성갑거치대,12,1
196,196,196,8204,http://gdimg.gmarket.co.kr/1969372303/still/600?ver=1611900720,http://item.gmarket.co.kr/Item?goodscode=1969372303,VANKYO 430W 무선미러링 빔프로젝터 1년AS/가정미니빔 ,1969372303,75,0,"69,900",집콕가전,12,1
197,197,197,8204,http://gdimg.gmarket.co.kr/1783361461/still/600?ver=1620804848,http://item.gmarket.co.kr/Item?goodscode=1783361461,PM1080프로 빔프로젝터 미니빔  무선기능추가 프로버전 ,1783361461,55,0,"343,630",집콕가전,12,1
198,198,198,8204,http://gdimg.gmarket.co.kr/2038147006/still/600?ver=1615793106,http://item.gmarket.co.kr/Item?goodscode=2038147006,wanbo 가정용 빔프로젝터T2MAX 글로벌저번 T2M+ ,2038147006,5,0,"138,500",집콕가전,12,1
199,199,199,8204,http://gdimg.gmarket.co.kr/1731596369/still/600?ver=1623308231,http://item.gmarket.co.kr/Item?goodscode=1731596369,LG 27TN600S 68cm 룸앤 스마트 TV모니터 원룸TV 인테리어TV 소형TV ,1731596369,279,0,"336,540",집콕가전,12,1
200,200,200,8204,http://gdimg.gmarket.co.kr/1822248858/still/600?ver=1619488445,http://item.gmarket.co.kr/Item?goodscode=1822248858,LG 28TN525S 스마트 소형 원룸 LED TV 1등급 ,1822248858,8,0,"269,780",집콕가전,12,1
201,201,201,8204,http://gdimg.gmarket.co.kr/1943115884/still/600?ver=1617846988,http://item.gmarket.co.kr/Item?goodscode=1943115884,공식수입 크로슬리 보이저 블루투스 턴테이블 ,1943115884,39,0,"98,890",집콕가전,12,1
202,202,202,8204,http://gdimg.gmarket.co.kr/1746225967/still/600?ver=1617355677,http://item.gmarket.co.kr/Item?goodscode=1746225967,HR-TS100 올인원오디오 LP턴테이블 블루투스 CD라디오 ,1746225967,71,0,"149,000",집콕가전,12,1
203,203,203,8204,http://gdimg.gmarket.co.kr/868038052/still/600?ver=1537967706,http://item.gmarket.co.kr/Item?goodscode=868038052,SLT-300W LP턴테이블 CD USB 라디오 ,868038052,49,0,"136,220",집콕가전,12,1
204,204,204,8204,http://gdimg.gmarket.co.kr/1867749522/still/600?ver=1597898575,http://item.gmarket.co.kr/Item?goodscode=1867749522,올인원 미니 오디오 블루투스 턴테이블 lp 플레이어 ,1867749522,8,0,"149,000",집콕가전,12,1
205,205,205,8204,http://gdimg.gmarket.co.kr/2022329052/still/600?ver=1612026284,http://item.gmarket.co.kr/Item?goodscode=2022329052,보스 사운드링크 미니2 SE ,2022329052,0,0,"253,100",집콕가전,12,1
206,206,206,8204,http://gdimg.gmarket.co.kr/1876788592/still/600?ver=1624842441,http://item.gmarket.co.kr/Item?goodscode=1876788592,하만카돈 오라스튜디오3 블루투스 스피커 ,1876788592,405,0,"279,000",집콕가전,12,1
207,207,207,8205,http://gdimg.gmarket.co.kr/1733786332/still/600?ver=1578967702,http://item.gmarket.co.kr/Item?goodscode=1733786332,보드게임/누구나 하기쉬운난이도/유아 어린이 성인 ,1733786332,79,0,"7,900",집콕놀거리,12,1
208,208,208,8205,http://gdimg.gmarket.co.kr/1493445810/still/600?ver=1576118189,http://item.gmarket.co.kr/Item?goodscode=1493445810,1+1+1 냥코펀치 29금 커플 럽젠 19금 성인 술보드게임 ,1493445810,34,0,"19,800",집콕놀거리,12,1
209,209,209,8205,http://gdimg.gmarket.co.kr/1444474705/still/600?ver=1624605626,http://item.gmarket.co.kr/Item?goodscode=1444474705,전자다트 다트보드 벽걸이용다트 WJ100 성인오락용 키덜트 다트/ 매트릭스 ,1444474705,7,0,"26,660",집콕놀거리,12,1
210,210,210,8205,http://gdimg.gmarket.co.kr/1806416283/still/600?ver=1624495209,http://item.gmarket.co.kr/Item?goodscode=1806416283,액자형 DIY 보석십자수세트 그림 명화그리기 ,1806416283,"5,820",0,"15,140",집콕놀거리,12,1
211,211,211,8205,http://gdimg.gmarket.co.kr/1164869722/still/600?ver=1624849946,http://item.gmarket.co.kr/Item?goodscode=1164869722,DIY 보석십자수 패브릭형 (원단형) 25x25 30x40 모음 ,1164869722,"1,694",0,"8,800",집콕놀거리,12,1
212,212,212,8205,http://gdimg.gmarket.co.kr/751054641/still/600?ver=1619103352,http://item.gmarket.co.kr/Item?goodscode=751054641,석고방향제diy 아로마오일 향 몰드 석고분말 방향제 ,751054641,510,0,"5,800",집콕놀거리,12,1
213,213,213,8205,http://gdimg.gmarket.co.kr/126756260/still/600?ver=1559890617,http://item.gmarket.co.kr/Item?goodscode=126756260,6 in 1 멀티 게임기 미니 당구대 탁구 하키 포켓볼 ,126756260,286,0,"125,000",집콕놀거리,12,1
214,214,214,8205,http://gdimg.gmarket.co.kr/214243679/still/600?ver=1533516416,http://item.gmarket.co.kr/Item?goodscode=214243679,PC게임 펌프 7집 PREX 3 + 발판 /DDR/디디알/정식발매 ,214243679,208,0,"71,760",집콕놀거리,12,1
215,215,215,8301,http://gdimg.gmarket.co.kr/948366341/still/600?ver=1620114550,http://item.gmarket.co.kr/Item?goodscode=948366341,생일파티 홈파티 천장장식 파티 풍선 장식 용품 ,948366341,"5,418",0,"2,800",파티용필수장식,12,1
216,216,216,8301,http://gdimg.gmarket.co.kr/1998280181/still/600?ver=1609735884,http://item.gmarket.co.kr/Item?goodscode=1998280181,파티풍선 생일파티용품 가랜드 홈파티 세트 로즈골드 ,1998280181,151,0,"12,550",파티용필수장식,12,1
217,217,217,8301,http://gdimg.gmarket.co.kr/1107154059/still/600?ver=1579587797,http://item.gmarket.co.kr/Item?goodscode=1107154059,은박 호일 풍선 숫자 알파벳 이니셜 골드 실버 하트 ,1107154059,"1,744",0,690,파티용필수장식,12,1
218,218,218,8301,http://gdimg.gmarket.co.kr/181509966/still/600?ver=1594714748,http://item.gmarket.co.kr/Item?goodscode=181509966,(생일이벤트용품모음)생일파티용품 냅킨 생일잔치 ,181509966,"1,421",0,"1,940",파티용필수장식,12,1
219,219,219,8301,http://gdimg.gmarket.co.kr/351200202/still/600?ver=1611134614,http://item.gmarket.co.kr/Item?goodscode=351200202,낱개 폭죽 불꽃놀이 이벤트 파티 로망캔들 막대폭죽 ,351200202,"1,352",0,970,파티용필수장식,12,1
220,220,220,8301,http://gdimg.gmarket.co.kr/1257144746/still/600?ver=1570399895,http://item.gmarket.co.kr/Item?goodscode=1257144746,자유문구 생일케이크토퍼 여행토퍼  케익토퍼 ,1257144746,616,0,"4,400",파티용필수장식,12,1
221,221,221,8302,http://gdimg.gmarket.co.kr/1507662894/still/600?ver=1623996633,http://item.gmarket.co.kr/Item?goodscode=1507662894,DC24V LED96구 은하수 트리전구 줄전구 투명선 노랑색 ,1507662894,110,0,"3,920",턴업조명,12,1
222,222,222,8302,http://gdimg.gmarket.co.kr/1825747666/still/600?ver=1609725292,http://item.gmarket.co.kr/Item?goodscode=1825747666,앵두전구 감성 캠핑 조명 스탠다드/웜화이트/2M/배터리 ,1825747666,182,0,"5,200",턴업조명,12,1
223,223,223,8302,http://gdimg.gmarket.co.kr/1744593574/still/600?ver=1619593924,http://item.gmarket.co.kr/Item?goodscode=1744593574,OMT 크리스마스 트리 LED조명 300개 전구 OL-3X3 ,1744593574,164,0,"15,900",턴업조명,12,1
224,224,224,8302,http://gdimg.gmarket.co.kr/229563723/still/600?ver=1541150379,http://item.gmarket.co.kr/Item?goodscode=229563723,LED 연결 고드름라이트 /꼬마전구 /트리조명/100구 ,229563723,61,0,"6,990",턴업조명,12,1
225,225,225,8302,http://gdimg.gmarket.co.kr/1564285250/still/600?ver=1567574143,http://item.gmarket.co.kr/Item?goodscode=1564285250,led 초 촛불 이벤트 프로포즈 조명 등 캔들 파티용품 ,1564285250,98,0,"3,470",턴업조명,12,1
226,226,226,8302,http://gdimg.gmarket.co.kr/175378840/still/600?ver=1547265121,http://item.gmarket.co.kr/Item?goodscode=175378840,LED전구 마볼라이트 조명 캠핑 장식 크리스마스 트리 ,175378840,78,0,"14,900",턴업조명,12,1
227,227,227,8302,http://gdimg.gmarket.co.kr/1577477333/still/600?ver=1552895860,http://item.gmarket.co.kr/Item?goodscode=1577477333,흔들리는 LED 촛불 조명 건전지양초 티라이트 캔들 ,1577477333,57,0,"1,200",턴업조명,12,1
228,228,228,8302,http://gdimg.gmarket.co.kr/1248728731/still/600?ver=1611295148,http://item.gmarket.co.kr/Item?goodscode=1248728731,취침등 수유등 조명등 독서등 LED 네온사인 무드등 취 ,1248728731,31,0,"9,610",턴업조명,12,1
229,229,229,8302,http://gdimg.gmarket.co.kr/1574422927/still/600?ver=1624586924,http://item.gmarket.co.kr/Item?goodscode=1574422927,LED 네온사인 무드등 모음 인테리어조명 카페 소품 ,1574422927,1,0,"7,900",턴업조명,12,1
230,230,230,8302,http://gdimg.gmarket.co.kr/1520205548/still/600?ver=1613440653,http://item.gmarket.co.kr/Item?goodscode=1520205548,루프탑조명모음/LED G50볼큐빅10구  전구 파티조명 ,1520205548,11,0,"31,000",턴업조명,12,1
231,231,231,8302,http://gdimg.gmarket.co.kr/1744597709/still/600?ver=1611884565,http://item.gmarket.co.kr/Item?goodscode=1744597709,레인보우 LED 전구 크리스마스 트리 조명 OL-RAINBOW ,1744597709,72,0,"15,900",턴업조명,12,1
232,232,232,8302,http://gdimg.gmarket.co.kr/1927710981/still/600?ver=1603973535,http://item.gmarket.co.kr/Item?goodscode=1927710981,루아르모 꺼지지않는 LED 전자초 티라이트 24개 1박스 ,1927710981,135,0,"6,000",턴업조명,12,1
233,233,233,8302,http://gdimg.gmarket.co.kr/854655231/still/600?ver=1597470164,http://item.gmarket.co.kr/Item?goodscode=854655231,led양초흔들리는전자촛불전기초리모컨기능 7.5x12.5cm ,854655231,16,0,"8,000",턴업조명,12,1
234,234,234,8303,http://gdimg.gmarket.co.kr/1567061431/still/600?ver=1616508368,http://item.gmarket.co.kr/Item?goodscode=1567061431,산토리 위스키 가쿠빈 하이볼잔 2개세트 ,1567061431,194,0,"26,100",술맛달달술잔,12,1
235,235,235,8303,http://gdimg.gmarket.co.kr/2067151472/still/600?ver=1622709851,http://item.gmarket.co.kr/Item?goodscode=2067151472,핑구 꿀꺽 유리잔 6P 세트(소주잔 4P+맥주잔2P) ,2067151472,3,0,"15,900",술맛달달술잔,12,1
236,236,236,8303,http://gdimg.gmarket.co.kr/1485279667/still/600?ver=1596506649,http://item.gmarket.co.kr/Item?goodscode=1485279667,서촌 방짜 유기술잔 소주잔 황금술잔 캠핑용술잔 ,1485279667,106,0,"14,680",술맛달달술잔,12,1
237,237,237,8303,http://gdimg.gmarket.co.kr/1459608678/still/600?ver=1611741578,http://item.gmarket.co.kr/Item?goodscode=1459608678,리비 캔모양 유리컵 370ml 홈카페컵 맥주잔 하이볼 ,1459608678,89,0,"2,000",술맛달달술잔,12,1
238,238,238,8303,http://gdimg.gmarket.co.kr/1445980947/still/600?ver=1618491379,http://item.gmarket.co.kr/Item?goodscode=1445980947,LED소주잔 LED맥주잔 LED와인잔 술잔 파티용품 ,1445980947,414,0,"1,900",술맛달달술잔,12,1
239,239,239,8303,http://gdimg.gmarket.co.kr/1933910999/still/600?ver=1621342667,http://item.gmarket.co.kr/Item?goodscode=1933910999,크리스탈렉스 지젤 쯔비벨 보르도 와인잔 560ml 2P세트 택1 ,1933910999,20,0,"24,410",술맛달달술잔,12,1
240,240,240,8304,http://gdimg.gmarket.co.kr/1719617417/still/600?ver=1611373327,http://item.gmarket.co.kr/Item?goodscode=1719617417,1등급 냉장고 47L 소형 미니 BC-50 원룸 일반 ,1719617417,76,0,"96,720",알콜력상승아이템,12,1
241,241,241,8304,http://gdimg.gmarket.co.kr/1692846555/still/600?ver=1571896355,http://item.gmarket.co.kr/Item?goodscode=1692846555,음료 물 쥬스 탄산 음료 술 주류 디스펜서 정수기 ,1692846555,3,0,"9,800",알콜력상승아이템,12,1
242,242,242,8304,http://gdimg.gmarket.co.kr/1713217449/still/600?ver=1606790869,http://item.gmarket.co.kr/Item?goodscode=1713217449,(캠핑일번가) 미니화로 그릴 풀세트 혼술 혼밥 연료20 ,1713217449,341,0,"26,370",알콜력상승아이템,12,1
243,243,243,8304,http://gdimg.gmarket.co.kr/220193455/still/600?ver=1611564747,http://item.gmarket.co.kr/Item?goodscode=220193455,칵테일 쉐이커세트 300ml 지거0.5/1온스 바스푼 ,220193455,11,0,"10,000",알콜력상승아이템,12,1
244,244,244,8304,http://gdimg.gmarket.co.kr/1610463853/still/600?ver=1558085013,http://item.gmarket.co.kr/Item?goodscode=1610463853,SM 삼덕 와인마개 / 와인용품 와인키퍼 와인스토퍼 ,1610463853,186,0,"2,260",알콜력상승아이템,12,1
245,245,245,8304,http://gdimg.gmarket.co.kr/1286920377/still/600?ver=1621767344,http://item.gmarket.co.kr/Item?goodscode=1286920377,아기간식 나눔접시 싱글라이프 혼술 야구장 캠핑 파 ,1286920377,2,0,"5,840",알콜력상승아이템,12,1
246,246,246,8401,http://gdimg.gmarket.co.kr/2030274727/still/600?ver=1620385672,http://item.gmarket.co.kr/Item?goodscode=2030274727,ARENA-X FOOT REST 발받침 컴퓨터 게이밍 게임용 의자 ,2030274727,130,0,"179,000",게이밍의자/발받침,12,1
247,247,247,8401,http://gdimg.gmarket.co.kr/338959471/still/600?ver=1612199302,http://item.gmarket.co.kr/Item?goodscode=338959471,레이싱 PC 컴퓨터 게이밍 의자 ,338959471,430,0,"79,280",게이밍의자/발받침,12,1
248,248,248,8401,http://gdimg.gmarket.co.kr/1562865316/still/600?ver=1553339351,http://item.gmarket.co.kr/Item?goodscode=1562865316,풋쿠풋쿠 와이드형 학습용 책상 발받침대 사무실 발판 ,1562865316,137,0,"16,570",게이밍의자/발받침,12,1
249,249,249,8401,http://gdimg.gmarket.co.kr/661272626/still/600?ver=1522666946,http://item.gmarket.co.kr/Item?goodscode=661272626,35도 의자 발받침대 사무실 독서실 책상 기타 변기 ,661272626,87,0,"21,680",게이밍의자/발받침,12,1
250,250,250,8402,http://gdimg.gmarket.co.kr/2094102144/still/600?ver=1623638832,http://item.gmarket.co.kr/Item?goodscode=2094102144,ROZI 게이밍 데스크 ,2094102144,28,0,"136,220",게이밍책상,12,1
251,251,251,8402,http://gdimg.gmarket.co.kr/156686513/still/600?ver=1514190408,http://item.gmarket.co.kr/Item?goodscode=156686513,1인용2인용컴퓨터테이블 서재철제초등조립식공부 학생 ,156686513,257,0,"99,000",게이밍책상,12,1
252,252,252,8402,http://gdimg.gmarket.co.kr/855318323/still/600?ver=1507730595,http://item.gmarket.co.kr/Item?goodscode=855318323,1인용 2인용철제 초등 조립식 선반 게이밍 공부 학생 ,855318323,139,0,"119,000",게이밍책상,12,1
253,253,253,8402,http://gdimg.gmarket.co.kr/1559015756/still/600?ver=1591415531,http://item.gmarket.co.kr/Item?goodscode=1559015756,F3선반입식 DIY 책상 1인용 2인용 학생 게이밍 컴퓨터 ,1559015756,76,0,"147,500",게이밍책상,12,1
254,254,254,8402,http://gdimg.gmarket.co.kr/2090282248/still/600?ver=1618462503,http://item.gmarket.co.kr/Item?goodscode=2090282248,소소일상 A형 게이밍 조명 데스크 컴퓨터 게임 책상 ,2090282248,2,0,"74,900",게이밍책상,12,1
255,255,255,8402,http://gdimg.gmarket.co.kr/2029958338/still/600?ver=1622705084,http://item.gmarket.co.kr/Item?goodscode=2029958338,컴퓨터 책상 카멜 GD1L 게이밍책상 LED조명 ,2029958338,0,0,"199,000",게이밍책상,12,1
256,256,256,8403,http://gdimg.gmarket.co.kr/1703892008/still/600?ver=1573620010,http://item.gmarket.co.kr/Item?goodscode=1703892008,HACKER HR500 RGB 마우스 번지 헤드셋 거치대 ,1703892008,117,0,"24,000",게이밍책상꾸미기,12,1
257,257,257,8403,http://gdimg.gmarket.co.kr/1527037110/still/600?ver=1543295486,http://item.gmarket.co.kr/Item?goodscode=1527037110,CYK 헤드셋 헤드폰거치대 T-stand 헤드폰스탠드 ,1527037110,25,0,"16,900",게이밍책상꾸미기,12,1
258,258,258,8403,http://gdimg.gmarket.co.kr/1428436319/still/600?ver=1528336713,http://item.gmarket.co.kr/Item?goodscode=1428436319,오랜웰 GH65 게이밍 헤드셋 헤드폰 거치대 헤드셋걸이 ,1428436319,84,0,"7,900",게이밍책상꾸미기,12,1
259,259,259,8403,http://gdimg.gmarket.co.kr/1850688571/still/600?ver=1621297360,http://item.gmarket.co.kr/Item?goodscode=1850688571,높이조절 모니터 받침대 모니터받침 모니터거치대 ,1850688571,306,0,"15,900",게이밍책상꾸미기,12,1
260,260,260,8403,http://gdimg.gmarket.co.kr/1483000464/still/600?ver=1613647390,http://item.gmarket.co.kr/Item?goodscode=1483000464,원목 삼나무 모니터받침대 1단 ,1483000464,313,0,"9,400",게이밍책상꾸미기,12,1
261,261,261,8403,http://gdimg.gmarket.co.kr/1737654380/still/600?ver=1620879710,http://item.gmarket.co.kr/Item?goodscode=1737654380,OMT 고속무선충전 게이밍 장패드 마우스패드OMP-WCPAD ,1737654380,36,0,"17,500",게이밍책상꾸미기,12,1
262,262,262,8403,http://gdimg.gmarket.co.kr/1617704567/still/600?ver=1560907774,http://item.gmarket.co.kr/Item?goodscode=1617704567,OMT RGB LED 게이밍 방수 장패드 OMP-LED 대형 78cm ,1617704567,446,0,"15,560",게이밍책상꾸미기,12,1
263,263,263,8404,http://gdimg.gmarket.co.kr/1629220789/still/600?ver=1577322130,http://item.gmarket.co.kr/Item?goodscode=1629220789,크리스탈 오르골 달 무드등 취침등 수유등 ,1629220789,32,0,"27,340",PC방감성조명,12,1
264,264,264,8404,http://gdimg.gmarket.co.kr/290677197/still/600?ver=1614662095,http://item.gmarket.co.kr/Item?goodscode=290677197,T5 형광등 28w 램프 간접등 간접조명 슬림 일자등 ,290677197,47,0,"3,140",PC방감성조명,12,1
265,265,265,8404,http://gdimg.gmarket.co.kr/923510085/still/600?ver=1530867015,http://item.gmarket.co.kr/Item?goodscode=923510085,필립스 HUE 휴 스트립 플러스 2m 스마트조명 간접 ,923510085,2,0,"91,270",PC방감성조명,12,1
266,266,266,8404,http://gdimg.gmarket.co.kr/1990706168/still/600?ver=1609039377,http://item.gmarket.co.kr/Item?goodscode=1990706168,휴 플레이 라이트바 더블팩 (기본팩) IOT LED 바 조명 ,1990706168,44,0,"179,000",PC방감성조명,12,1
267,267,267,8404,http://gdimg.gmarket.co.kr/1725513171/still/600?ver=1624432665,http://item.gmarket.co.kr/Item?goodscode=1725513171,OMT 밝기조절 LED 취침등 무드등 스탠드 조명 OL-K02 ,1725513171,341,0,"19,500",PC방감성조명,12,1
268,268,268,8404,http://gdimg.gmarket.co.kr/1721788641/still/600?ver=1607060326,http://item.gmarket.co.kr/Item?goodscode=1721788641,LED스탠드 책상스탠드 학습용 조명 와이드 800S 블랙 ,1721788641,240,0,"55,570",PC방감성조명,12,1
