cate_id,img_url,org_url,prd_nm,prd_id,rate_cnt,rate_val,sales_price,seller_nm,cate_nm,check
10101,http://thumbnail.10x10.co.kr/webimage/image/basic600/300/B003002334.jpg?cmd=thumb&w=500&h=500&fit=true&ws=false,http://www.10x10.co.kr/shopping/category_prd.asp?itemid=3002334&disp=121104102&pCtr=121104102,미코퍼니처 루시 3서랍 평상형 침대 SS + 본넬매트리스,3002334,0,0,"179,000",10x10,일반침대,성공
10101,http://thumbnail.10x10.co.kr/webimage/image/basic600/202/B002026302.jpg?cmd=thumb&w=500&h=500&fit=true&ws=false,http://www.10x10.co.kr/shopping/category_prd.asp?itemid=2026302&disp=121104102&pCtr=121104102,클레오 메모리 무소음 일체형침대 싱글S(90),2026302,0,0,"162,000",10x10,일반침대,성공
10102,http://thumbnail.10x10.co.kr/webimage/image/basic600/257/B002573050.jpg?cmd=thumb&w=500&h=500&fit=true&ws=false,http://www.10x10.co.kr/shopping/category_prd.asp?itemid=2573050&disp=121104102&pCtr=121104102,젠느 LED 리노서랍 퀸 침대프레임 Q (매트제외),2573050,0,0,"439,000",10x10,수납침대,성공
10101,http://thumbnail.10x10.co.kr/webimage/image/basic600/272/B002721785-1.jpg?cmd=thumb&w=500&h=500&fit=true&ws=false,http://www.10x10.co.kr/shopping/category_prd.asp?itemid=2721785&disp=121104102&pCtr=121104102,종이 침대프레임 보리(SS/Q/K),2721785,16,0,"71,900",10x10,일반침대,성공
10101,http://thumbnail.10x10.co.kr/webimage/image/basic600/341/B003412705.jpg?cmd=thumb&w=500&h=500&fit=true&ws=false,http://www.10x10.co.kr/shopping/category_prd.asp?itemid=3412705&disp=121104102&pCtr=121104102,[장미맨숀] 리브 원목 퀸 침대프레임 (브라운),3412705,1,0,"429,000",10x10,일반침대,성공
10101,http://thumbnail.10x10.co.kr/webimage/image/basic600/170/B001706086.jpg?cmd=thumb&w=500&h=500&fit=true&ws=false,http://www.10x10.co.kr/shopping/category_prd.asp?itemid=1706086&disp=121104102&pCtr=121104102,	 [잉카]플로렌스 북유럽풍 평상형 원목침대 슈퍼싱글 헤드포함,1706086,4,0,"199,000",10x10,일반침대,성공
10101,http://thumbnail.10x10.co.kr/webimage/image/basic600/353/B003530015.jpg?cmd=thumb&w=500&h=500&fit=true&ws=false,http://www.10x10.co.kr/shopping/category_prd.asp?itemid=3530015&disp=121104102&pCtr=121104102,노아)보드베드GSS(매트제외),3530015,0,0,"456,000",10x10,일반침대,성공
10101,http://thumbnail.10x10.co.kr/webimage/image/basic600/335/B003357398-2.jpg?cmd=thumb&w=500&h=500&fit=true&ws=false,http://www.10x10.co.kr/shopping/category_prd.asp?itemid=3357398&disp=121104102&pCtr=121104102,[카르페디]브람스 고무나무 원목 퀸침대프레임 Q,3357398,1,0,"498,000",10x10,일반침대,성공
10102,http://thumbnail.10x10.co.kr/webimage/image/basic600/233/B002332956.jpg?cmd=thumb&w=500&h=500&fit=true&ws=false,http://www.10x10.co.kr/shopping/category_prd.asp?itemid=2332956&disp=121104102101&pRtr=%EC%88%98%EB%82%A9%EC%B9%A8%EB%8C%80&rc=rpos_1_4,New 크로스 올인원 LED 수납침대(DH 7존 라텍스 독립 매트-S),2332956,0,0,"559,000",10x10,수납침대,성공
10102,http://thumbnail.10x10.co.kr/webimage/image/basic600/233/B002331170.jpg?cmd=thumb&w=500&h=500&fit=true&ws=false,http://www.10x10.co.kr/shopping/category_prd.asp?itemid=2331170&disp=121104102&pCtr=121104102,[잉글랜더]보노 LED 3단 수납 침대(매트제외-슈퍼싱글),2331170,0,0,"219,000",10x10,수납침대,성공
10102,http://thumbnail.10x10.co.kr/webimage/image/basic600/351/B003517628.jpg?cmd=thumb&w=500&h=500&fit=true&ws=false,http://www.10x10.co.kr/shopping/category_prd.asp?itemid=3517628&disp=121104102101&pRtr=%EC%88%98%EB%82%A9%EC%B9%A8%EB%8C%80&rc=rpos_1_35,[세컨드컨테이너] 하이덴 파티션 수납형 침대(SS),3517628,0,0,"359,900",10x10,수납침대,성공
10102,http://thumbnail.10x10.co.kr/webimage/image/basic600/258/B002587246-1.jpg?cmd=thumb&w=500&h=500&fit=true&ws=false,http://www.10x10.co.kr/shopping/category_prd.asp?itemid=2587246&disp=121104102101&pRtr=%EC%88%98%EB%82%A9%EC%B9%A8%EB%8C%80&rc=rpos_1_59,미니피스 멀티 수납 침대 SS/Q 슈퍼싱글/퀸(매트리스 선택),2587246,0,0,"129,000",10x10,수납침대,성공
10102,http://thumbnail.10x10.co.kr/webimage/image/basic600/328/B003281752.jpg?cmd=thumb&w=500&h=500&fit=true&ws=false,http://www.10x10.co.kr/shopping/category_prd.asp?itemid=3281752&disp=121104102101&pRtr=%EC%88%98%EB%82%A9%EC%B9%A8%EB%8C%80&rc=rpos_1_38,슬립온 LED 조명 서랍형 수납침대(SS)-독립 매트리스,3281752,0,0,"559,000",10x10,수납침대,성공
10103,http://thumbnail.10x10.co.kr/webimage/image/basic600/292/B002924052.jpg?cmd=thumb&w=500&h=500&fit=true&ws=false,http://www.10x10.co.kr/shopping/category_prd.asp?itemid=2924052&disp=121104102104&pRtr=%EB%B2%99%EC%BB%A4%EC%B9%A8%EB%8C%80+%EC%9D%B4%EC%B8%B5%EC%B9%A8%EB%8C%80&rc=rpos_5_1,SE0등급 소나무원목 코스모 벙커형 책상이층침대 싱글,2924052,0,0,"249,000",10x10,벙커침대,성공
10103,http://thumbnail.10x10.co.kr/webimage/image/basic600/216/B002160360.jpg?cmd=thumb&w=500&h=500&fit=true&ws=false,http://www.10x10.co.kr/shopping/category_prd.asp?itemid=2160360&disp=121104102104&pRtr=%EB%B2%99%EC%BB%A4%EC%B9%A8%EB%8C%80+%EC%9D%B4%EC%B8%B5%EC%B9%A8%EB%8C%80&rc=rpos_3_40,리빙힙 에스키 벙커침대/이층침대/2층침대/철제침대/철재침대,2160360,1,0,"228,650",10x10,벙커침대,성공
10103,http://thumbnail.10x10.co.kr/webimage/image/basic600/214/B002147120.jpg?cmd=thumb&w=500&h=500&fit=true&ws=false,http://www.10x10.co.kr/shopping/category_prd.asp?itemid=2147120&disp=121104102104&pRtr=%EB%B2%99%EC%BB%A4%EC%B9%A8%EB%8C%80+%EC%9D%B4%EC%B8%B5%EC%B9%A8%EB%8C%80&rc=rpos_3_41,리빙힙 누벨르벙커침대 높이조절가능!,2147120,8,0,"203,150",10x10,벙커침대,성공
10103,http://thumbnail.10x10.co.kr/webimage/image/basic600/275/B002756455-1.jpg?cmd=thumb&w=500&h=500&fit=true&ws=false,http://www.10x10.co.kr/shopping/category_prd.asp?itemid=2756455&disp=121104102102&pRtr=%EB%B2%99%EC%BB%A4%EC%B9%A8%EB%8C%80+%EC%9D%B4%EC%B8%B5%EC%B9%A8%EB%8C%80&rc=rpos_5_2,플라망 업다운 높이조절 철제 벙커침대 퀸Q,2756455,0,0,"510,000",10x10,벙커침대,성공
10104,http://thumbnail.10x10.co.kr/webimage/image/basic600/180/B001801955.jpg?cmd=thumb&w=500&h=500&fit=true&ws=false,http://www.10x10.co.kr/shopping/category_prd.asp?itemid=1801955&disp=121104102103&pRtr=%ED%8C%8C%EB%A0%9B%ED%8A%B8&rc=rpos_1_6,접이식 파렛트 1000X2000 원목평상 접이식 침대프레임,1801955,1,0,"270,000",10x10,깔판,성공
10104,http://thumbnail.10x10.co.kr/webimage/image/basic600/270/B002700937-1.jpg?cmd=thumb&w=500&h=500&fit=true&ws=false,http://www.10x10.co.kr/shopping/category_prd.asp?itemid=2700937&disp=121104102101&pRtr=%EC%B9%A8%EB%8C%80%EA%B9%94%ED%8C%90&rc=rpos_1_1,메이크코지 SE0등급 소나무 원목 접이식 침대깔판 전사이즈 시리즈,2700937,37,0,"32,800",10x10,깔판,성공
10104,http://thumbnail.10x10.co.kr/webimage/image/basic600/344/B003445732.jpg?cmd=thumb&w=500&h=500&fit=true&ws=false,http://www.10x10.co.kr/shopping/category_prd.asp?itemid=3445732&disp=121104102102&pRtr=%EC%B9%A8%EB%8C%80%EA%B9%94%ED%8C%90&rc=rpos_1_14,4단접이식 저상형 원목 침대프레임 슈퍼싱글 매트리스깔판,3445732,1,0,"105,200",10x10,깔판,성공
10201,http://thumbnail.10x10.co.kr/webimage/image/basic600/271/B002713503.jpg?cmd=thumb&w=500&h=500&fit=true&ws=false,http://www.10x10.co.kr/shopping/category_prd.asp?itemid=2713503&disp=121104103&pCtr=121104103,린폴 3단 접이식 매트리스 12cm 싱글_(2527041),2713503,0,0,"249,000",10x10,매트리스,성공
10201,http://thumbnail.10x10.co.kr/webimage/image/basic600/110/B001101579-2.jpg?cmd=thumb&w=500&h=500&fit=true&ws=false,http://www.10x10.co.kr/shopping/category_prd.asp?itemid=1101579&disp=121104103&pCtr=121104103,[무료배송] 라운지 클래식 50T 케미컬 라텍스 매트리스(슈퍼싱글),1101579,47,0,"159,000",10x10,매트리스,성공
10104,http://thumbnail.10x10.co.kr/webimage/image/basic600/178/B001786221.jpg?cmd=thumb&w=500&h=500&fit=true&ws=false,http://www.10x10.co.kr/shopping/category_prd.asp?itemid=1786221&disp=121104102101&pRtr=%ED%8C%8C%EB%A0%9B%ED%8A%B8&rc=rpos_1_10,파렛트 원목 침대프레임(싱글size),1786221,0,0,"297,000",10x10,깔판,성공
10201,http://thumbnail.10x10.co.kr/webimage/image/basic600/367/B003672452.jpg?cmd=thumb&w=500&h=500&fit=true&ws=false,http://www.10x10.co.kr/shopping/category_prd.asp?itemid=3672452&disp=121104103&pCtr=121104103,준우드 준매트리스 S라인 S3 케미컬 라텍스 본넬 스프링 매트리스,3672452,0,0,"167,000",10x10,매트리스,성공
10201,http://thumbnail.10x10.co.kr/webimage/image/basic600/349/B003497501.jpg?cmd=thumb&w=500&h=500&fit=true&ws=false,http://www.10x10.co.kr/shopping/category_prd.asp?itemid=3497501&disp=121104103&pCtr=121104103,New 레스트 유로탑 롤팩 독립스프링 매트리스(퀸),3497501,0,0,"279,000",10x10,매트리스,성공
10201,http://thumbnail.10x10.co.kr/webimage/image/basic600/218/B002187034.jpg?cmd=thumb&w=500&h=500&fit=true&ws=false,http://www.10x10.co.kr/shopping/category_prd.asp?itemid=2187034&disp=121104103&pCtr=121104103,[잉글랜더]그레이 호텔컬렉션 하단 파운데이션 매트리스(슈퍼싱글),2187034,0,0,"169,000",10x10,매트리스,성공
10201,http://thumbnail.10x10.co.kr/webimage/image/basic600/298/B002984326.jpg?cmd=thumb&w=500&h=500&fit=true&ws=false,http://www.10x10.co.kr/shopping/category_prd.asp?itemid=2984326&disp=121104103&pCtr=121104103,더릭스홈 볼라텍스폼 75T 3중직커버 매트리스 슈퍼싱글,2984326,0,0,"109,000",10x10,매트리스,성공
10104,http://thumbnail.10x10.co.kr/webimage/image/basic600/178/B001786213-1.jpg?cmd=thumb&w=500&h=500&fit=true&ws=false,http://www.10x10.co.kr/shopping/category_prd.asp?itemid=1786213&disp=121104102102&pRtr=%ED%8C%8C%EB%A0%9B%ED%8A%B8&rc=rpos_1_14,파렛트 1000×1000 침대 테이블 평상 다용도 원목 프레임,1786213,0,0,"107,000",10x10,깔판,성공
10201,http://thumbnail.10x10.co.kr/webimage/image/basic600/272/B002720814.jpg?cmd=thumb&w=500&h=500&fit=true&ws=false,http://www.10x10.co.kr/shopping/category_prd.asp?itemid=2720814&disp=121104103&pCtr=121104103,린폴 고탄성 3단 접이식 매트리스 세트,2720814,0,0,"249,000",10x10,매트리스,성공
10202,http://thumbnail.10x10.co.kr/webimage/image/basic600/349/B003497482.jpg?cmd=thumb&w=500&h=500&fit=true&ws=false,http://www.10x10.co.kr/shopping/category_prd.asp?itemid=3497482&disp=121104103&pCtr=121104103,호텔식 토퍼 7cm (방수속커버+결합벨트 무료증정),3497482,21,0,"33,900",10x10,토퍼,성공
10202,http://thumbnail.10x10.co.kr/webimage/image/basic600/253/B002533898-2.jpg?cmd=thumb&w=500&h=500&fit=true&ws=false,http://www.10x10.co.kr/shopping/category_prd.asp?itemid=2533898&disp=121104103&pCtr=121104103,홈잡스 9존 슬립 기절 마약 접이식 매트리스,2533898,22,0,"32,900",10x10,토퍼,성공
10201,http://thumbnail.10x10.co.kr/webimage/image/basic600/247/B002477234.jpg?cmd=thumb&w=500&h=500&fit=true&ws=false,http://www.10x10.co.kr/shopping/category_prd.asp?itemid=2477234&disp=121104103&pCtr=121104103,HA CL라텍스탑 독립스프링 매트리스 SS,2477234,0,0,"145,900",10x10,매트리스,성공
10202,http://thumbnail.10x10.co.kr/webimage/image/basic600/268/B002688015.jpg?cmd=thumb&w=500&h=500&fit=true&ws=false,http://www.10x10.co.kr/shopping/category_prd.asp?itemid=2688015&disp=121104103&pCtr=121104103,로미홈 9존 마약매트리스 침대 접이식 바닥 토퍼 (MS/SS/Q),2688015,122,0,"37,900",10x10,토퍼,성공
10202,http://thumbnail.10x10.co.kr/webimage/image/basic600/307/B003073548.jpg?cmd=thumb&w=500&h=500&fit=true&ws=false,http://www.10x10.co.kr/shopping/category_prd.asp?itemid=3073548&disp=121104103&pCtr=121104103,클라우드 메모리폼 토퍼 매트리스 10cm S SS Q,3073548,1,0,"89,000",10x10,토퍼,성공
10202,http://thumbnail.10x10.co.kr/webimage/image/basic600/228/B002288268-3.jpg?cmd=thumb&w=500&h=500&fit=true&ws=false,http://www.10x10.co.kr/shopping/category_prd.asp?itemid=2288268&disp=121104103&pCtr=121104103,지누스 그린티 메모리폼 토퍼 (10cm/슈퍼싱글),2288268,6,0,"119,000",10x10,토퍼,성공
10202,http://thumbnail.10x10.co.kr/webimage/image/basic600/224/B002247483.jpg?cmd=thumb&w=500&h=500&fit=true&ws=false,http://www.10x10.co.kr/shopping/category_prd.asp?itemid=2247483&disp=121104103&pCtr=121104103,예다움 구름 매트리스용 순면 토퍼 K 킹_(1569645),2247483,0,0,"62,900",10x10,토퍼,성공
103,http://thumbnail.10x10.co.kr/webimage/image/basic600/228/B002284888.jpg?cmd=thumb&w=500&h=500&fit=true&ws=false,http://www.10x10.co.kr/shopping/category_prd.asp?itemid=2284888&disp=121104104&pCtr=121104104,루나 600 입식 수납거울 화장대 LN01,2284888,20,0,"54,000",10x10,화장대,성공
103,http://thumbnail.10x10.co.kr/webimage/image/basic600/175/B001750929.jpg?cmd=thumb&w=500&h=500&fit=true&ws=false,http://www.10x10.co.kr/shopping/category_prd.asp?itemid=1750929&disp=121104104&pCtr=121104104,뉴레트로 뷰로 화장대_(12047042),1750929,13,0,"389,000",10x10,화장대,성공
103,http://thumbnail.10x10.co.kr/webimage/image/basic600/303/B003031086-2.jpg?cmd=thumb&w=500&h=500&fit=true&ws=false,http://www.10x10.co.kr/shopping/category_prd.asp?itemid=3031086&disp=121104104&pCtr=121104104,아트 600 화장대 (스툴포함),3031086,0,0,"70,900",10x10,화장대,성공
103,http://thumbnail.10x10.co.kr/webimage/image/basic600/175/B001750928.jpg?cmd=thumb&w=500&h=500&fit=true&ws=false,http://www.10x10.co.kr/shopping/category_prd.asp?itemid=1750928&disp=121104104&pCtr=121104104,뉴레트로 화장대 데스크_(12047043),1750928,2,0,"252,000",10x10,화장대,성공
103,http://thumbnail.10x10.co.kr/webimage/image/basic600/98/B000987181-1.jpg?cmd=thumb&w=500&h=500&fit=true&ws=false,http://www.10x10.co.kr/shopping/category_prd.asp?itemid=987181&disp=121104104&pCtr=121104104,니즈 레트로 화장대 오리지널 +스툴,987181,44,0,"129,000",10x10,화장대,성공
103,http://thumbnail.10x10.co.kr/webimage/image/basic600/184/B001843824.jpg?cmd=thumb&w=500&h=500&fit=true&ws=false,http://www.10x10.co.kr/shopping/category_prd.asp?itemid=1843824&disp=121104104&pCtr=121104104,마티나 전신거울수납장,1843824,13,0,"110,000",10x10,화장대,성공
103,http://thumbnail.10x10.co.kr/webimage/image/basic600/197/B001979868.jpg?cmd=thumb&w=500&h=500&fit=true&ws=false,http://www.10x10.co.kr/shopping/category_prd.asp?itemid=1979868&disp=121104104&pCtr=121104104,	 [두닷모노] 루나 전신거울 화장대 (오크/아이보리),1979868,91,0,"89,000",10x10,화장대,성공
103,http://thumbnail.10x10.co.kr/webimage/image/basic600/264/B002644124.jpg?cmd=thumb&w=500&h=500&fit=true&ws=false,http://www.10x10.co.kr/shopping/category_prd.asp?itemid=2644124&disp=121104104&pCtr=121104104,큐티 덮개거울 미니화장대 다리형,2644124,4,0,"35,900",10x10,화장대,성공
104,http://thumbnail.10x10.co.kr/webimage/image/basic600/351/B003513805.jpg?cmd=thumb&w=500&h=500&fit=true&ws=false,http://www.10x10.co.kr/shopping/category_prd.asp?itemid=3513805&disp=121104110103&pRtr=%EA%B1%B0%EC%9A%B8&rc=rpos_1_7,아치형 선반 벽거울,3513805,2,0,"21,520",10x10,거울,성공
104,http://thumbnail.10x10.co.kr/webimage/image/basic600/312/B003124721.jpg?cmd=thumb&w=500&h=500&fit=true&ws=false,http://www.10x10.co.kr/shopping/category_prd.asp?itemid=3124721&disp=121104110105&pRtr=%EA%B1%B0%EC%9A%B8&rc=rpos_1_9,웨이브 미러 탁상거울 ac-9171c_(1200143),3124721,21,0,"13,700",10x10,거울,성공
104,http://thumbnail.10x10.co.kr/webimage/image/basic600/371/B003715687.jpg?cmd=thumb&w=500&h=500&fit=true&ws=false,http://www.10x10.co.kr/shopping/category_prd.asp?itemid=3715687&disp=121104110105&pRtr=%EA%B1%B0%EC%9A%B8&rc=rpos_1_20,레터링 우드 원목 & 화이트 탁상 거울 3type 원하는 문구가능 거울,3715687,0,0,"15,500",10x10,거울,성공
104,http://thumbnail.10x10.co.kr/webimage/image/basic600/283/B002832840-3.jpg?cmd=thumb&w=500&h=500&fit=true&ws=false,http://www.10x10.co.kr/shopping/category_prd.asp?itemid=2832840&disp=121104110105&pRtr=%EA%B1%B0%EC%9A%B8&rc=rpos_1_1,무반전 리얼미 거울,2832840,301,0,"25,300",10x10,거울,성공
104,http://thumbnail.10x10.co.kr/webimage/image/basic600/334/B003341404.jpg?cmd=thumb&w=500&h=500&fit=true&ws=false,http://www.10x10.co.kr/shopping/category_prd.asp?itemid=3341404&disp=121104110105&pRtr=%EA%B1%B0%EC%9A%B8&rc=rpos_1_4,[텐바이텐 단독]하트거울 set (하트거울+볼펜+펜꽂이),3341404,39,0,"10,900",10x10,거울,성공
104,http://thumbnail.10x10.co.kr/webimage/image/basic600/265/B002655010-2.jpg?cmd=thumb&w=500&h=500&fit=true&ws=false,http://www.10x10.co.kr/shopping/category_prd.asp?itemid=2655010&disp=121104110106&pRtr=%EA%B1%B0%EC%9A%B8&rc=rpos_1_3,라이프썸 LED 거울 (LFS-HA13) 화이트,2655010,81,0,"29,900",10x10,거울,성공
104,http://thumbnail.10x10.co.kr/webimage/image/basic600/301/B003012436.jpg?cmd=thumb&w=500&h=500&fit=true&ws=false,http://www.10x10.co.kr/shopping/category_prd.asp?itemid=3012436&disp=121104110101&pRtr=%EA%B1%B0%EC%9A%B8&rc=rpos_1_4,예다움 대형 팔각 전신거울 대 500_(1795427),3012436,2,0,"101,900",10x10,거울,성공
104,http://thumbnail.10x10.co.kr/webimage/image/basic600/314/B003140163-12.jpg?cmd=thumb&w=500&h=500&fit=true&ws=false,http://www.10x10.co.kr/shopping/category_prd.asp?itemid=3140163&disp=121104110106&pRtr=%EA%B1%B0%EC%9A%B8&rc=rpos_1_5,루밍 LED 메이크업 조명거울,3140163,46,0,"49,900",10x10,거울,성공
105,http://thumbnail.10x10.co.kr/webimage/image/basic600/311/B003113055.jpg?cmd=thumb&w=500&h=500&fit=true&ws=false,http://www.10x10.co.kr/shopping/category_prd.asp?itemid=3113055&disp=121104105&pRtr=%ED%98%91%ED%83%81&rc=rpos_1_1,러벅 내츄럴 원목협탁(다리형),3113055,0,0,"59,000",10x10,협탁/사이드테이블,성공
105,http://thumbnail.10x10.co.kr/webimage/image/basic600/142/B001426029.jpg?cmd=thumb&w=500&h=500&fit=true&ws=false,http://www.10x10.co.kr/shopping/category_prd.asp?itemid=1426029&disp=121104105&pRtr=%ED%98%91%ED%83%81&rc=rpos_1_2,스카겐 사이드 테이블S,1426029,4,0,"165,000",10x10,협탁/사이드테이블,성공
105,http://thumbnail.10x10.co.kr/webimage/image/basic600/381/B003813465.jpg?cmd=thumb&w=500&h=500&fit=true&ws=false,http://www.10x10.co.kr/shopping/category_prd.asp?itemid=3813465&disp=121104105&pRtr=%ED%98%91%ED%83%81&rc=rpos_1_3,한샘 멜로우 미니 사이드테이블 (색상 2종),3813465,0,0,"50,300",10x10,협탁/사이드테이블,성공
105,http://thumbnail.10x10.co.kr/webimage/image/basic600/273/B002734562.jpg?cmd=thumb&w=500&h=500&fit=true&ws=false,http://www.10x10.co.kr/shopping/category_prd.asp?itemid=2734562&disp=121104105&pRtr=%ED%98%91%ED%83%81&rc=rpos_1_7,[크렌시아] 보니토 도어형 협탁,2734562,4,0,"39,900",10x10,협탁/사이드테이블,성공
105,http://thumbnail.10x10.co.kr/webimage/image/basic600/278/B002780520-2.jpg?cmd=thumb&w=500&h=500&fit=true&ws=false,http://www.10x10.co.kr/shopping/category_prd.asp?itemid=2780520&disp=121104105&pRtr=%ED%98%91%ED%83%81&rc=rpos_1_9,[장미맨숀] 마르틴 원목 협탁 (클래식화이트),2780520,0,0,"199,000",10x10,협탁/사이드테이블,성공
105,http://thumbnail.10x10.co.kr/webimage/image/basic600/205/B002056826-2.jpg?cmd=thumb&w=500&h=500&fit=true&ws=false,http://www.10x10.co.kr/shopping/category_prd.asp?itemid=2056826&disp=121106104&pRtr=%EC%82%AC%EC%9D%B4%EB%93%9C+%ED%85%8C%EC%9D%B4%EB%B8%94&rc=rpos_1_1,City 간편 접이식 테이블,2056826,477,0,"12,900",10x10,협탁/사이드테이블,성공
105,http://thumbnail.10x10.co.kr/webimage/image/basic600/194/B001949833.jpg?cmd=thumb&w=500&h=500&fit=true&ws=false,http://www.10x10.co.kr/shopping/category_prd.asp?itemid=1949833&disp=121106104&pRtr=%EC%82%AC%EC%9D%B4%EB%93%9C+%ED%85%8C%EC%9D%B4%EB%B8%94&rc=rpos_1_4,멀티 사이드 테이블,1949833,31,0,"28,900",10x10,협탁/사이드테이블,성공
105,http://thumbnail.10x10.co.kr/webimage/image/basic600/226/B002268957.jpg?cmd=thumb&w=500&h=500&fit=true&ws=false,http://www.10x10.co.kr/shopping/category_prd.asp?itemid=2268957&disp=121106104&pRtr=%EC%82%AC%EC%9D%B4%EB%93%9C+%ED%85%8C%EC%9D%B4%EB%B8%94&rc=rpos_1_8,크로스 원목 사이드테이블 2size_(1137322),2268957,15,0,"42,800",10x10,협탁/사이드테이블,성공
105,http://thumbnail.10x10.co.kr/webimage/image/basic600/228/B002284673-3.jpg?cmd=thumb&w=500&h=500&fit=true&ws=false,http://www.10x10.co.kr/shopping/category_prd.asp?itemid=2284673&disp=121106105&pRtr=%EB%B2%A0%EB%93%9C+%ED%8A%B8%EB%A0%88%EC%9D%B4&rc=rpos_1_2,튼튼한 접이식 좌식 테이블,2284673,639,0,"22,900",10x10,협탁/사이드테이블,성공
20101,http://thumbnail.10x10.co.kr/webimage/image/basic600/146/B001464295-2.jpg?cmd=thumb&w=500&h=500&fit=true&ws=false,http://www.10x10.co.kr/shopping/category_prd.asp?itemid=1464295&disp=121105102&pCtr=121105102,코지2인쇼파,1464295,20,0,"164,000",10x10,일반소파,성공
20101,http://thumbnail.10x10.co.kr/webimage/image/basic600/315/B003153957.jpg?cmd=thumb&w=500&h=500&fit=true&ws=false,http://www.10x10.co.kr/shopping/category_prd.asp?itemid=3153957&disp=121105102&pCtr=121105102,엘사 인조가죽 2인용소파,3153957,2,0,"129,000",10x10,일반소파,성공
20101,http://thumbnail.10x10.co.kr/webimage/image/basic600/345/B003459525-1.jpg?cmd=thumb&w=500&h=500&fit=true&ws=false,http://www.10x10.co.kr/shopping/category_prd.asp?itemid=3459525&disp=121105112&pCtr=121105112,레이지다이어리 팔걸이 소프트 좌식 소파 등받이 조절가,3459525,0,0,"59,000",10x10,일반소파,성공
20101,http://thumbnail.10x10.co.kr/webimage/image/basic600/181/B001819313-1.jpg?cmd=thumb&w=500&h=500&fit=true&ws=false,http://www.10x10.co.kr/shopping/category_prd.asp?itemid=1819313&disp=121105112&pCtr=121105112,데이앤나잇 1인 좌식쇼파,1819313,241,0,"36,900",10x10,일반소파,성공
20101,http://thumbnail.10x10.co.kr/webimage/image/basic600/357/B003573197.jpg?cmd=thumb&w=500&h=500&fit=true&ws=false,http://www.10x10.co.kr/shopping/category_prd.asp?itemid=3573197&disp=121105102102&pRtr=%EC%86%8C%ED%8C%8C&rc=rpos_1_6,까사미아 라벨로 소파 2인,3573197,2,0,"680,000",10x10,일반소파,성공
20101,http://thumbnail.10x10.co.kr/webimage/image/basic600/355/B003550836.jpg?cmd=thumb&w=500&h=500&fit=true&ws=false,http://www.10x10.co.kr/shopping/category_prd.asp?itemid=3550836&disp=121105102102&pRtr=%EC%86%8C%ED%8C%8C&rc=rpos_1_24,[엘미오] 베흐 2인 생활방수 조립 쇼파 VERT,3550836,1,0,"99,000",10x10,일반소파,성공
20101,http://thumbnail.10x10.co.kr/webimage/image/basic600/377/B003774244.jpg?cmd=thumb&w=500&h=500&fit=true&ws=false,http://www.10x10.co.kr/shopping/category_prd.asp?itemid=3774244&disp=121105102101&pRtr=%EC%86%8C%ED%8C%8C&rc=rpos_2_1,퍼니코 쿠잉 홈카페 골드 패브릭 벨벳소파 1인용 3colors,3774244,0,0,"199,000",10x10,일반소파,성공
20102,http://thumbnail.10x10.co.kr/webimage/image/basic600/377/B003770328.jpg?cmd=thumb&w=500&h=500&fit=true&ws=false,http://www.10x10.co.kr/shopping/category_prd.asp?itemid=3770328&disp=121105109&pCtr=121105109,[리퍼] 레이지다이어리 이지 독서 소파 접이식 리클라이너 1인용,3770328,1,0,"69,000",10x10,리클라이너소파,성공
20102,http://thumbnail.10x10.co.kr/webimage/image/basic600/379/B003793965.jpg?cmd=thumb&w=500&h=500&fit=true&ws=false,http://www.10x10.co.kr/shopping/category_prd.asp?itemid=3793965&disp=121105109&pCtr=121105109,가구데코 헤라 1인 리클라이너 소파 CH2013,3793965,0,0,"215,000",10x10,리클라이너소파,성공
20102,http://thumbnail.10x10.co.kr/webimage/image/basic600/268/B002687140.jpg?cmd=thumb&w=500&h=500&fit=true&ws=false,http://www.10x10.co.kr/shopping/category_prd.asp?itemid=2687140&disp=121105109&pCtr=121105109,[한샘몰X아이와비] 아르보 레버 조절형 1인 리클라이너 DIY,2687140,1,0,"196,300",10x10,리클라이너소파,성공
20102,http://thumbnail.10x10.co.kr/webimage/image/basic600/382/B003825666.jpg?cmd=thumb&w=500&h=500&fit=true&ws=false,http://www.10x10.co.kr/shopping/category_prd.asp?itemid=3825666&disp=121105109&pCtr=121105109,히다마리 1인용쇼파 뉴론도 세트,3825666,0,0,"239,000",10x10,리클라이너소파,성공
20102,http://thumbnail.10x10.co.kr/webimage/image/basic600/382/B003825665.jpg?cmd=thumb&w=500&h=500&fit=true&ws=false,http://www.10x10.co.kr/shopping/category_prd.asp?itemid=3825665&disp=121105109&pCtr=121105109,히다마리 게이밍 등받이 좌식의자 레드유,3825665,0,0,"149,000",10x10,리클라이너소파,성공
20103,http://thumbnail.10x10.co.kr/webimage/image/basic600/354/B003547460-1.jpg?cmd=thumb&w=500&h=500&fit=true&ws=false,http://www.10x10.co.kr/shopping/category_prd.asp?itemid=3547460&disp=121105108&pCtr=121105108,아이와비 스카이 좌식 소파베드 3colors,3547460,3,0,"219,000",10x10,소파베드,성공
20103,http://thumbnail.10x10.co.kr/webimage/image/basic600/354/B003549917.jpg?cmd=thumb&w=500&h=500&fit=true&ws=false,http://www.10x10.co.kr/shopping/category_prd.asp?itemid=3549917&disp=121105108&pCtr=121105108,아이와비 콤마 접이식 소파베드 2colors,3549917,1,0,"399,000",10x10,소파베드,성공
20103,http://thumbnail.10x10.co.kr/webimage/image/basic600/355/B003551823.jpg?cmd=thumb&w=500&h=500&fit=true&ws=false,http://www.10x10.co.kr/shopping/category_prd.asp?itemid=3551823&disp=121105108&pCtr=121105108,퍼니코 레브 1인 가죽 소파베드 2컬러,3551823,1,0,"129,000",10x10,소파베드,성공
20104,http://thumbnail.10x10.co.kr/webimage/image/basic600/384/B003840339.jpg?cmd=thumb&w=500&h=500&fit=true&ws=false,http://www.10x10.co.kr/shopping/category_prd.asp?itemid=3840339&disp=121105110&pRtr=%EB%B9%88%EB%B0%B1&rc=rpos_1_1,[잠프렌즈] 제로퍼제로 에그 빈백,3840339,3,0,"77,000",10x10,안락의자/빈백,성공
20104,http://thumbnail.10x10.co.kr/webimage/image/basic600/346/B003468613.jpg?cmd=thumb&w=500&h=500&fit=true&ws=false,http://www.10x10.co.kr/shopping/category_prd.asp?itemid=3468613&disp=121102101&pRtr=%EC%95%88%EB%9D%BD%EC%9D%98%EC%9E%90&rc=rpos_1_2,[10x10 단독] 벤트플러스 스툴+락킹체어 패키지_(1086600),3468613,0,0,"117,900",10x10,안락의자/빈백,성공
20104,http://thumbnail.10x10.co.kr/webimage/image/basic600/384/B003849618.jpg?cmd=thumb&w=500&h=500&fit=true&ws=false,http://www.10x10.co.kr/shopping/category_prd.asp?itemid=3849618&disp=121105110&pRtr=%EC%95%88%EB%9D%BD%EC%9D%98%EC%9E%90&rc=rpos_1_7,1인용 좌식 쇼파 소파 리클라이너 안락 빈백 1인 의자,3849618,0,0,"49,900",10x10,안락의자/빈백,성공
20104,http://thumbnail.10x10.co.kr/webimage/image/basic600/317/B003179656.jpg?cmd=thumb&w=500&h=500&fit=true&ws=false,http://www.10x10.co.kr/shopping/category_prd.asp?itemid=3179656&disp=121102101&pRtr=%EC%95%88%EB%9D%BD%EC%9D%98%EC%9E%90&rc=rpos_1_41,릴렉싱 모던 심플 흔들의자_(246803),3179656,0,0,"145,000",10x10,안락의자/빈백,성공
20104,http://thumbnail.10x10.co.kr/webimage/image/basic/26/B000264329-8.jpg?cmd=thumb&w=500&h=500&fit=true&ws=false,http://www.10x10.co.kr/shopping/category_prd.asp?itemid=264329&disp=121105110&pRtr=%EB%B9%88%EB%B0%B1&rc=rpos_1_4,[영국직수입]엠비언트라운지 빈백소파_STUDIO-Supernova(방수제품),264329,1,0,"167,000",10x10,안락의자/빈백,성공
20104,http://thumbnail.10x10.co.kr/webimage/image/basic600/372/B003720395.jpg?cmd=thumb&w=500&h=500&fit=true&ws=false,http://www.10x10.co.kr/shopping/category_prd.asp?itemid=3720395&disp=121105110&pRtr=%EB%B9%88%EB%B0%B1&rc=rpos_1_11,마약 1인용 빈백 소파 쇼파 3color [원룸 자취방 1인 쇼파 BEANBAG],3720395,0,0,"99,750",10x10,안락의자/빈백,성공
202,http://thumbnail.10x10.co.kr/webimage/image/basic600/258/B002586431.jpg?cmd=thumb&w=500&h=500&fit=true&ws=false,http://www.10x10.co.kr/shopping/category_prd.asp?itemid=2586431&disp=121106102&pRtr=%EB%B0%A5%EC%83%81+%ED%85%8C%EC%9D%B4%EB%B8%94&rc=rpos_1_2,심플리테이블(소/중/대) 다용도 접이식 책상 공부상,2586431,34,0,"40,000",10x10,밥상/테이블,성공
202,http://thumbnail.10x10.co.kr/webimage/image/basic600/168/B001684985.jpg?cmd=thumb&w=500&h=500&fit=true&ws=false,http://www.10x10.co.kr/shopping/category_prd.asp?itemid=1684985&disp=121106102&pRtr=%EB%B0%A5%EC%83%81+%ED%85%8C%EC%9D%B4%EB%B8%94&rc=rpos_1_3,(순수원목) 테이블 모음전,1684985,457,0,"28,900",10x10,밥상/테이블,성공
202,http://thumbnail.10x10.co.kr/webimage/image/basic600/372/B003722198.jpg?cmd=thumb&w=500&h=500&fit=true&ws=false,http://www.10x10.co.kr/shopping/category_prd.asp?itemid=3722198&disp=121106103&pRtr=%EB%B0%A5%EC%83%81+%ED%85%8C%EC%9D%B4%EB%B8%94&rc=rpos_1_5,소울 소반_서울 에디션,3722198,7,0,"23,000",10x10,밥상/테이블,성공
202,http://thumbnail.10x10.co.kr/webimage/image/basic600/220/B002202204-1.jpg?cmd=thumb&w=500&h=500&fit=true&ws=false,http://www.10x10.co.kr/shopping/category_prd.asp?itemid=2202204&disp=121106102&pRtr=%EB%B0%A5%EC%83%81+%ED%85%8C%EC%9D%B4%EB%B8%94&rc=rpos_1_6,스토리퍼니쳐 LPM 4단몰딩 접이식 액자테이블 대형 밥상80,2202204,7,0,"23,900",10x10,밥상/테이블,성공
202,http://thumbnail.10x10.co.kr/webimage/image/basic600/289/B002895392.jpg?cmd=thumb&w=500&h=500&fit=true&ws=false,http://www.10x10.co.kr/shopping/category_prd.asp?itemid=2895392&disp=121106102&pRtr=%EB%B0%A5%EC%83%81+%ED%85%8C%EC%9D%B4%EB%B8%94&rc=rpos_1_11,구름 접이식테이블,2895392,21,0,"27,900",10x10,밥상/테이블,성공
202,http://thumbnail.10x10.co.kr/webimage/image/basic600/217/B002178627-1.jpg?cmd=thumb&w=500&h=500&fit=true&ws=false,http://www.10x10.co.kr/shopping/category_prd.asp?itemid=2178627&disp=121106102&pRtr=%EB%B0%A5%EC%83%81+%ED%85%8C%EC%9D%B4%EB%B8%94&rc=rpos_1_30,순수원목 접이식 F테이블,2178627,233,0,"37,900",10x10,밥상/테이블,성공
202,http://thumbnail.10x10.co.kr/webimage/image/basic600/180/B001801475-2.jpg?cmd=thumb&w=500&h=500&fit=true&ws=false,http://www.10x10.co.kr/shopping/category_prd.asp?itemid=1801475&disp=121106102&pRtr=%EB%B0%A5%EC%83%81+%ED%85%8C%EC%9D%B4%EB%B8%94&rc=rpos_1_25,오홀리브 액자테이블 사랑받는 BEST,1801475,168,0,"19,600",10x10,밥상/테이블,성공
202,http://thumbnail.10x10.co.kr/webimage/image/basic600/240/B002408222.jpg?cmd=thumb&w=500&h=500&fit=true&ws=false,http://www.10x10.co.kr/shopping/category_prd.asp?itemid=2408222&disp=121107102102&pRtr=%ED%99%95%EC%9E%A5%ED%98%95+%ED%85%8C%EC%9D%B4%EB%B8%94&rc=rpos_1_1,피카 확장형 4인 테이블,2408222,5,0,"445,000",10x10,밥상/테이블,성공
202,http://thumbnail.10x10.co.kr/webimage/image/basic600/256/B002560390-2.jpg?cmd=thumb&w=500&h=500&fit=true&ws=false,http://www.10x10.co.kr/shopping/category_prd.asp?itemid=2560390&disp=121107102101&pRtr=%ED%99%95%EC%9E%A5%ED%98%95+%ED%85%8C%EC%9D%B4%EB%B8%94&rc=rpos_1_11,라이프 LPM 올인원 접이식 폴딩 식탁테이블,2560390,5,0,"165,900",10x10,밥상/테이블,성공
203,http://thumbnail.10x10.co.kr/webimage/image/basic600/192/B001926194.jpg?cmd=thumb&w=500&h=500&fit=true&ws=false,http://www.10x10.co.kr/shopping/category_prd.asp?itemid=1926194&disp=121102106&pRtr=%EC%8A%A4%ED%88%B4&rc=rpos_1_1,(런메이크) 인테리어 스툴의자 30종-카페 화장대 보조의자,1926194,4,0,"21,900",10x10,스툴,성공
203,http://thumbnail.10x10.co.kr/webimage/image/basic600/320/B003203822.jpg?cmd=thumb&w=500&h=500&fit=true&ws=false,http://www.10x10.co.kr/shopping/category_prd.asp?itemid=3203822&disp=121102106&pRtr=%EC%8A%A4%ED%88%B4&rc=rpos_1_2,내츄럴 수초 스툴,3203822,3,0,"31,900",10x10,스툴,성공
203,http://thumbnail.10x10.co.kr/webimage/image/basic600/241/B002418091-1.jpg?cmd=thumb&w=500&h=500&fit=true&ws=false,http://www.10x10.co.kr/shopping/category_prd.asp?itemid=2418091&disp=121102106&pRtr=%EC%8A%A4%ED%88%B4&rc=rpos_1_3,뱀부 원목 접이식 스텝 스툴,2418091,40,0,"39,900",10x10,스툴,성공
203,http://thumbnail.10x10.co.kr/webimage/image/basic600/254/B002544425-1.jpg?cmd=thumb&w=500&h=500&fit=true&ws=false,http://www.10x10.co.kr/shopping/category_prd.asp?itemid=2544425&disp=121102106&pRtr=%EC%8A%A4%ED%88%B4&rc=rpos_1_7,빛디자인 러버우드 노아 가죽스툴,2544425,6,0,"46,000",10x10,스툴,성공
203,http://thumbnail.10x10.co.kr/webimage/image/basic600/274/B002748849.jpg?cmd=thumb&w=500&h=500&fit=true&ws=false,http://www.10x10.co.kr/shopping/category_prd.asp?itemid=2748849&disp=121102106&pRtr=%EC%8A%A4%ED%88%B4&rc=rpos_1_20,씨에스리빙 프라템 콤마스툴 화장대 간이 플라스틱의자,2748849,3,0,"25,800",10x10,스툴,성공
203,http://thumbnail.10x10.co.kr/webimage/image/basic600/322/B003228865.jpg?cmd=thumb&w=500&h=500&fit=true&ws=false,http://www.10x10.co.kr/shopping/category_prd.asp?itemid=3228865&disp=121102106&pRtr=%EC%8A%A4%ED%88%B4&rc=rpos_1_4,그린우드 토실토실 패브릭 원목스툴 화장대의자,3228865,12,0,"19,900",10x10,스툴,성공
203,http://thumbnail.10x10.co.kr/webimage/image/basic600/370/B003702217.jpg?cmd=thumb&w=500&h=500&fit=true&ws=false,http://www.10x10.co.kr/shopping/category_prd.asp?itemid=3702217&disp=121102106&pRtr=%EC%8A%A4%ED%88%B4&rc=rpos_1_54,인테리어 동물 원목 패브릭 발받침 미니 스툴 의자,3702217,2,0,"19,900",10x10,스툴,성공
203,http://thumbnail.10x10.co.kr/webimage/image/basic600/126/B001266599-3.jpg?cmd=thumb&w=500&h=500&fit=true&ws=false,http://www.10x10.co.kr/shopping/category_prd.asp?itemid=1266599&disp=121102106&pRtr=%EC%8A%A4%ED%88%B4&rc=rpos_1_50,원목 스툴 모음전 택1,1266599,458,0,"37,700",10x10,스툴,성공
301,http://thumbnail.10x10.co.kr/webimage/image/basic600/359/B003593365.jpg?cmd=thumb&w=500&h=500&fit=true&ws=false,http://www.10x10.co.kr/shopping/category_prd.asp?itemid=3593365&disp=121115104101&pBtr=hsarecipe,PP 라탄 2단 수납장,3593365,9,0,"79,900",10x10,서랍장,성공
301,http://thumbnail.10x10.co.kr/webimage/image/basic600/341/B003412693.jpg?cmd=thumb&w=500&h=500&fit=true&ws=false,http://www.10x10.co.kr/shopping/category_prd.asp?itemid=3412693&disp=121115104101&pRtr=%EC%88%98%EB%82%A9%EC%9E%A5&rc=rpos_1_54,[장미맨숀] 리브 원목 수납장 (브라운),3412693,2,0,"249,000",10x10,서랍장,성공
301,http://thumbnail.10x10.co.kr/webimage/image/basic600/290/B002902389-1.jpg?cmd=thumb&w=500&h=500&fit=true&ws=false,http://www.10x10.co.kr/shopping/category_prd.asp?itemid=2902389&disp=121115104101&pRtr=%EC%88%98%EB%82%A9%EC%9E%A5&rc=rpos_1_60,[무료조립_착불배송]이케아 NIKKEBY 니케뷔2칸 4칸 서랍장,2902389,29,0,"130,000",10x10,서랍장,성공
301,http://thumbnail.10x10.co.kr/webimage/image/basic600/200/B002003898.jpg?cmd=thumb&w=500&h=500&fit=true&ws=false,http://www.10x10.co.kr/shopping/category_prd.asp?itemid=2003898&disp=121115104112&pRtr=%EC%84%9C%EB%9E%8D%EC%9E%A5&rc=rpos_1_6,까사마루 4단 슬림 서랍장,2003898,36,0,"29,900",10x10,서랍장,성공
301,http://thumbnail.10x10.co.kr/webimage/image/basic600/296/B002964619-1.jpg?cmd=thumb&w=500&h=500&fit=true&ws=false,http://www.10x10.co.kr/shopping/category_prd.asp?itemid=2964619&disp=121115104112&pRtr=%EC%84%9C%EB%9E%8D%EC%9E%A5&rc=rpos_1_8,커넥트 5단 서랍장 + 분리커버/연결선반 증정,2964619,5,0,"45,900",10x10,서랍장,성공
301,http://thumbnail.10x10.co.kr/webimage/image/basic600/268/B002680631.jpg?cmd=thumb&w=500&h=500&fit=true&ws=false,http://www.10x10.co.kr/shopping/category_prd.asp?itemid=2680631&disp=121115104112&pRtr=%EC%84%9C%EB%9E%8D%EC%9E%A5&rc=rpos_1_23,모노 서랍장 600_5단_(192767),2680631,41,0,"69,900",10x10,서랍장,성공
301,http://thumbnail.10x10.co.kr/webimage/image/basic600/260/B002604910-1.jpg?cmd=thumb&w=500&h=500&fit=true&ws=false,http://www.10x10.co.kr/shopping/category_prd.asp?itemid=2604910&disp=121115104101&pRtr=%EC%88%98%EB%82%A9%EC%9E%A5&rc=rpos_1_4,[두닷모노] 헤이 매거진랙 수납장_내추럴오크,2604910,14,0,"111,000",10x10,서랍장,성공
302,http://thumbnail.10x10.co.kr/webimage/image/basic600/346/B003461792.jpg?cmd=thumb&w=500&h=500&fit=true&ws=false,http://www.10x10.co.kr/shopping/category_prd.asp?itemid=3461792&disp=121115104102&pRtr=%EC%84%A0%EB%B0%98&rc=rpos_1_3,모노블 3단 트롤리 카트 수납선반,3461792,82,0,"17,900",10x10,선반,성공
302,http://thumbnail.10x10.co.kr/webimage/image/basic600/305/B003057964.jpg?cmd=thumb&w=500&h=500&fit=true&ws=false,http://www.10x10.co.kr/shopping/category_prd.asp?itemid=3057964&disp=121115104103&pRtr=%EC%84%A0%EB%B0%98%EC%9E%A5&rc=rpos_1_6,심플한 브라우니 원목 선반 모음,3057964,41,0,"21,000",10x10,선반,성공
302,http://thumbnail.10x10.co.kr/webimage/image/basic600/210/B002109273.jpg?cmd=thumb&w=500&h=500&fit=true&ws=false,http://www.10x10.co.kr/shopping/category_prd.asp?itemid=2109273&disp=121115104103&pRtr=%EC%84%A0%EB%B0%98%EC%9E%A5&rc=rpos_1_11,"셀레스 스틸 2단,4단 선반장",2109273,3,0,"16,900",10x10,선반,성공
302,http://thumbnail.10x10.co.kr/webimage/image/basic600/258/B002589715.jpg?cmd=thumb&w=500&h=500&fit=true&ws=false,http://www.10x10.co.kr/shopping/category_prd.asp?itemid=2589715&disp=121115104103&pRtr=%EC%84%A0%EB%B0%98%EC%9E%A5&rc=rpos_1_29,[한샘몰X쟈트모빌리] 원목 전자레인지 선반장_4단_내추럴,2589715,0,0,"105,100",10x10,선반,성공
302,http://thumbnail.10x10.co.kr/webimage/image/basic600/317/B003173683.jpg?cmd=thumb&w=500&h=500&fit=true&ws=false,http://www.10x10.co.kr/shopping/category_prd.asp?itemid=3173683&disp=121115104103&pRtr=%EC%84%A0%EB%B0%98%EC%9E%A5&rc=rpos_1_27,파티나 멀티 캐비닛 600_(13556171),3173683,0,0,"310,000",10x10,선반,성공
302,http://thumbnail.10x10.co.kr/webimage/image/basic600/242/B002426692.jpg?cmd=thumb&w=500&h=500&fit=true&ws=false,http://www.10x10.co.kr/shopping/category_prd.asp?itemid=2426692&disp=121103105&pRtr=%EC%84%A0%EB%B0%98%EC%9E%A5&rc=rpos_1_38,[두닷모노] 댄디 3단 책장_WH,2426692,1,0,"65,000",10x10,선반,성공
302,http://thumbnail.10x10.co.kr/webimage/image/basic600/165/B001651260.jpg?cmd=thumb&w=500&h=500&fit=true&ws=false,http://www.10x10.co.kr/shopping/category_prd.asp?itemid=1651260&disp=121115104103&pRtr=%EC%84%A0%EB%B0%98%EC%9E%A5&rc=rpos_1_1,(원목) 수납선반장 - 우드,1651260,"1,441",0,"15,900",10x10,선반,성공
302,http://thumbnail.10x10.co.kr/webimage/image/basic600/271/B002714127.jpg?cmd=thumb&w=500&h=500&fit=true&ws=false,http://www.10x10.co.kr/shopping/category_prd.asp?itemid=2714127&disp=121109103&pRtr=%EC%84%A0%EB%B0%98%EC%9E%A5&rc=rpos_1_57,원목 3단 수납 선반장 틈새장 낮은 선반 소형 수납장,2714127,0,0,"39,000",10x10,선반,성공
302,http://thumbnail.10x10.co.kr/webimage/image/basic600/224/B002247356.jpg?cmd=thumb&w=500&h=500&fit=true&ws=false,http://www.10x10.co.kr/shopping/category_prd.asp?itemid=2247356&disp=121115104103&pRtr=%EC%84%A0%EB%B0%98%EC%9E%A5&rc=rpos_1_60,토토 철제 진열장 2단 3단,2247356,1,0,"35,000",10x10,선반,성공
303,http://thumbnail.10x10.co.kr/webimage/image/basic600/307/B003078882-1.jpg?cmd=thumb&w=500&h=500&fit=true&ws=false,http://www.10x10.co.kr/shopping/category_prd.asp?itemid=3078882&disp=121107106&pRtr=%EB%A0%8C%EC%A7%80%EB%8C%80&rc=rpos_1_1,전자렌지대 선반 2단 밭솥 다이_(1872548),3078882,3,0,"18,180",10x10,렌지대,성공
303,http://thumbnail.10x10.co.kr/webimage/image/basic600/294/B002940588-2.jpg?cmd=thumb&w=500&h=500&fit=true&ws=false,http://www.10x10.co.kr/shopping/category_prd.asp?itemid=2940588&disp=121107106&pRtr=%EB%A0%8C%EC%A7%80%EB%8C%80&rc=rpos_1_2,OMT 철재 2단 전자레인지 수납 선반 가로폭조절 주방걸이내장,2940588,16,0,"31,900",10x10,렌지대,성공
303,http://thumbnail.10x10.co.kr/webimage/image/basic600/320/B003203827-2.jpg?cmd=thumb&w=500&h=500&fit=true&ws=false,http://www.10x10.co.kr/shopping/category_prd.asp?itemid=3203827&disp=121107106&pRtr=%EB%A0%8C%EC%A7%80%EB%8C%80&rc=rpos_1_11,얼라이브즈 전자렌지 수납장 4단_(1123859),3203827,1,0,"49,900",10x10,렌지대,성공
303,http://thumbnail.10x10.co.kr/webimage/image/basic600/373/B003735882.jpg?cmd=thumb&w=500&h=500&fit=true&ws=false,http://www.10x10.co.kr/shopping/category_prd.asp?itemid=3735882&disp=121107106&pRtr=%EB%A0%8C%EC%A7%80%EB%8C%80&rc=rpos_1_42,얼라이브즈 전자렌지 수납장 3단,3735882,0,0,"65,900",10x10,렌지대,성공
303,http://thumbnail.10x10.co.kr/webimage/image/basic600/362/B003623831.jpg?cmd=thumb&w=500&h=500&fit=true&ws=false,http://www.10x10.co.kr/shopping/category_prd.asp?itemid=3623831&disp=121107106&pRtr=%EB%A0%8C%EC%A7%80%EB%8C%80&rc=rpos_1_45,[세컨드컨테이너] 비엘 댐퍼 800 렌지대,3623831,0,0,"80,900",10x10,렌지대,성공
30401,http://thumbnail.10x10.co.kr/webimage/image/basic600/352/B003522971.jpg?cmd=thumb&w=500&h=500&fit=true&ws=false,http://www.10x10.co.kr/shopping/category_prd.asp?itemid=3522971&disp=121117103&pRtr=%ED%8B%88%EC%83%88+%EC%98%B7%EC%9E%A5&rc=rpos_1_21,[에띠안]빈센트 300 키높이 오픈/전신거울 이동식 틈새옷장 2색상,3522971,0,0,"74,500",10x10,옷장,성공
30401,http://thumbnail.10x10.co.kr/webimage/image/basic600/339/B003399329.jpg?cmd=thumb&w=500&h=500&fit=true&ws=false,http://www.10x10.co.kr/shopping/category_prd.asp?itemid=3399329&disp=121117103&pRtr=%ED%8B%88%EC%83%88+%EC%98%B7%EC%9E%A5&rc=rpos_1_28,"[에띠안]아토 키큰장 400 도어형 수납장,틈새수납장,싱글장.옷장",3399329,0,0,"116,000",10x10,옷장,성공
30401,http://thumbnail.10x10.co.kr/webimage/image/basic600/383/B003834362.jpg?cmd=thumb&w=500&h=500&fit=true&ws=false,http://www.10x10.co.kr/shopping/category_prd.asp?itemid=3834362&rc=item_happy_1&disptype=g,워너비 600 옷장_(2633672),3834362,0,0,"131,900",10x10,옷장,성공
30401,http://thumbnail.10x10.co.kr/webimage/image/basic600/363/B003635758.jpg?cmd=thumb&w=500&h=500&fit=true&ws=false,http://www.10x10.co.kr/shopping/category_prd.asp?itemid=3635758&rc=item_happy_5&disptype=g,파로마 몽슈슈 슬라이딩 거울 옷장 1200 선반형,3635758,0,0,"309,000",10x10,옷장,성공
30401,http://thumbnail.10x10.co.kr/webimage/image/basic600/371/B003715486.jpg?cmd=thumb&w=500&h=500&fit=true&ws=false,http://www.10x10.co.kr/shopping/category_prd.asp?itemid=3715486&disp=121117103&pRtr=%EC%9E%A5%EB%A1%B1&rc=rpos_1_13,앤디 800 옷장_(1333958),3715486,0,0,"159,000",10x10,옷장,성공
30401,http://thumbnail.10x10.co.kr/webimage/image/basic600/349/B003498560-1.jpg?cmd=thumb&w=500&h=500&fit=true&ws=false,http://www.10x10.co.kr/shopping/category_prd.asp?itemid=3498560&disp=121117103&pRtr=%EC%9E%A5%EB%A1%B1&rc=rpos_1_10,KUF 스토리 옷장_(2099003),3498560,0,0,"171,000",10x10,옷장,성공
30402,http://thumbnail.10x10.co.kr/webimage/image/basic600/168/B001682275.jpg?cmd=thumb&w=500&h=500&fit=true&ws=false,http://www.10x10.co.kr/shopping/category_prd.asp?itemid=1682275&disp=121115106101&pRtr=%ED%96%89%EA%B1%B0&rc=rpos_1_5,(순수원목) 디자인행거 모음전,1682275,992,0,"17,900",10x10,행거,성공
30402,http://thumbnail.10x10.co.kr/webimage/image/basic600/237/B002376236.jpg?cmd=thumb&w=500&h=500&fit=true&ws=false,http://www.10x10.co.kr/shopping/category_prd.asp?itemid=2376236&disp=121115106101&pRtr=%ED%96%89%EA%B1%B0&rc=rpos_1_7,하우스플랜 650행거 2종택1,2376236,27,0,"25,000",10x10,행거,성공
30402,http://thumbnail.10x10.co.kr/webimage/image/basic600/317/B003173842.jpg?cmd=thumb&w=500&h=500&fit=true&ws=false,http://www.10x10.co.kr/shopping/category_prd.asp?itemid=3173842&disp=121117101&pRtr=%ED%96%89%EA%B1%B0&rc=rpos_1_11,모션 드레스룸 폴딩 행거 1+1,3173842,9,0,"132,900",10x10,행거,성공
30402,http://thumbnail.10x10.co.kr/webimage/image/basic600/96/B000962503-6.jpg?cmd=thumb&w=500&h=500&fit=true&ws=false,http://www.10x10.co.kr/shopping/category_prd.asp?itemid=962503&disp=121115106101&pRtr=%ED%96%89%EA%B1%B0&rc=rpos_1_15,옷장안 선반행거 모음전,962503,"1,010",0,"13,300",10x10,행거,성공
30402,http://thumbnail.10x10.co.kr/webimage/image/basic600/199/B001996890-3.jpg?cmd=thumb&w=500&h=500&fit=true&ws=false,http://www.10x10.co.kr/shopping/category_prd.asp?itemid=1996890&disp=121115106101&pRtr=%ED%96%89%EA%B1%B0&rc=rpos_1_26,바인 올데이 스탠드 행거,1996890,124,0,"28,900",10x10,행거,성공
30402,http://thumbnail.10x10.co.kr/webimage/image/basic600/107/B001076759-12.jpg?cmd=thumb&w=500&h=500&fit=true&ws=false,http://www.10x10.co.kr/shopping/category_prd.asp?itemid=1076759&disp=121115106101&pRtr=%ED%96%89%EA%B1%B0&rc=rpos_1_43,인테리어 행거 트롤리 모음전,1076759,243,0,"10,900",10x10,행거,성공
30402,http://thumbnail.10x10.co.kr/webimage/image/basic600/199/B001996373-1.jpg?cmd=thumb&w=500&h=500&fit=true&ws=false,http://www.10x10.co.kr/shopping/category_prd.asp?itemid=1996373&disp=121115106101&pRtr=%ED%96%89%EA%B1%B0&rc=rpos_1_49,까사마루 미엘레 1단 행거,1996373,36,0,"15,900",10x10,행거,성공
30402,http://thumbnail.10x10.co.kr/webimage/image/basic600/352/B003527543.jpg?cmd=thumb&w=500&h=500&fit=true&ws=false,http://www.10x10.co.kr/shopping/category_prd.asp?itemid=3527543&disp=121115106101&pRtr=%ED%96%89%EA%B1%B0&rc=rpos_2_6,[한샘] 르페 이동형 행거(더블)_(1097992),3527543,1,0,"51,800",10x10,행거,성공
30402,http://thumbnail.10x10.co.kr/webimage/image/basic600/353/B003531912.jpg?cmd=thumb&w=500&h=500&fit=true&ws=false,http://www.10x10.co.kr/shopping/category_prd.asp?itemid=3531912&disp=121115106101&pRtr=%EC%BD%94%EB%84%88%ED%96%89%EA%B1%B0&rc=rpos_1_3,아이리스 코너행거 스타일행거 틈새행거옷걸이PI-C150_(1871552),3531912,0,0,"50,900",10x10,행거,성공
401,http://thumbnail.10x10.co.kr/webimage/image/basic600/363/B003637559.jpg?cmd=thumb&w=500&h=500&fit=true&ws=false,http://www.10x10.co.kr/shopping/category_prd.asp?itemid=3637559&disp=121103101&pCtr=121103101,모션 폴딩 테이블 / 6단 높낮이 조절기능,3637559,6,0,"87,900",10x10,책상,성공
401,http://thumbnail.10x10.co.kr/webimage/image/basic600/167/B001677678.jpg?cmd=thumb&w=500&h=500&fit=true&ws=false,http://www.10x10.co.kr/shopping/category_prd.asp?itemid=1677678&disp=121103101&pCtr=121103101,[스크래치] 원목 서랍 책상 2TYPE (택1),1677678,1,0,"74,900",10x10,책상,성공
401,http://thumbnail.10x10.co.kr/webimage/image/basic600/295/B002954240.jpg?cmd=thumb&w=500&h=500&fit=true&ws=false,http://www.10x10.co.kr/shopping/category_prd.asp?itemid=2954240&disp=121103101&pCtr=121103101,[무료조립_착불배송]이케아 미케책상 화이트 블랙 전국무료조립,2954240,3,0,"90,000",10x10,책상,성공
401,http://thumbnail.10x10.co.kr/webimage/image/basic600/320/B003203825-1.jpg?cmd=thumb&w=500&h=500&fit=true&ws=false,http://www.10x10.co.kr/shopping/category_prd.asp?itemid=3203825&disp=121103101&pCtr=121103101,얼라이브즈 접이식 책상 800_(1123978),3203825,4,0,"49,900",10x10,책상,성공
401,http://thumbnail.10x10.co.kr/webimage/image/basic600/332/B003322143.jpg?cmd=thumb&w=500&h=500&fit=true&ws=false,http://www.10x10.co.kr/shopping/category_prd.asp?itemid=3322143&disp=121103101&pCtr=121103101,심플 책상,3322143,9,0,"39,500",10x10,책상,성공
401,http://thumbnail.10x10.co.kr/webimage/image/basic600/287/B002870229-3.jpg?cmd=thumb&w=500&h=500&fit=true&ws=false,http://www.10x10.co.kr/shopping/category_prd.asp?itemid=2870229&disp=121109104&pRtr=%EB%AF%B8%EB%8B%88+%EC%B1%85%EC%83%81&rc=rpos_1_18,SS DESK-700 [SS데스크-700],2870229,7,0,"78,000",10x10,책상,성공
401,http://thumbnail.10x10.co.kr/webimage/image/basic600/360/B003605250.jpg?cmd=thumb&w=500&h=500&fit=true&ws=false,http://www.10x10.co.kr/shopping/category_prd.asp?itemid=3605250&disp=121103101&pCtr=121103101,더블데스크 서울대학교 학생평가단 추천 학생책상,3605250,5,0,"146,000",10x10,책상,성공
401,http://thumbnail.10x10.co.kr/webimage/image/basic600/259/B002599347-1.jpg?cmd=thumb&w=500&h=500&fit=true&ws=false,http://www.10x10.co.kr/shopping/category_prd.asp?itemid=2599347&disp=121103101&pCtr=121103101,모던딘 메탈그레이 책상테이블 900 1200 1500(사이즈선택),2599347,1,0,"129,000",10x10,책상,성공
40201,http://thumbnail.10x10.co.kr/webimage/image/basic600/287/B002877304-1.jpg?cmd=thumb&w=500&h=500&fit=true&ws=false,http://www.10x10.co.kr/shopping/category_prd.asp?itemid=2877304&disp=121103112&pCtr=121103112,[BC체어]게이밍 컴퓨터 책상 의자 P-90,2877304,13,0,"69,900",10x10,책상의자,성공
40201,http://thumbnail.10x10.co.kr/webimage/image/basic600/286/B002865205.jpg?cmd=thumb&w=500&h=500&fit=true&ws=false,http://www.10x10.co.kr/shopping/category_prd.asp?itemid=2865205&disp=121103112&pCtr=121103112,[BC체어]컴퓨터 책상 학생 의자 709 BLACK FRAME,2865205,12,0,"25,900",10x10,책상의자,성공
40201,http://thumbnail.10x10.co.kr/webimage/image/basic600/371/B003715710.jpg?cmd=thumb&w=500&h=500&fit=true&ws=false,http://www.10x10.co.kr/shopping/category_prd.asp?itemid=3715710&disp=121103112&pCtr=121103112,로이 등받이 좌식 의자 3colors,3715710,4,0,"29,900",10x10,책상의자,성공
40201,http://thumbnail.10x10.co.kr/webimage/image/basic600/288/B002889548.jpg?cmd=thumb&w=500&h=500&fit=true&ws=false,http://www.10x10.co.kr/shopping/category_prd.asp?itemid=2889548&disp=121103112&pCtr=121103112,이케아 LOBERGET/BLYSKAR 회전의자,2889548,6,0,"49,000",10x10,책상의자,성공
40201,http://thumbnail.10x10.co.kr/webimage/image/basic600/116/B001166458-2.jpg?cmd=thumb&w=500&h=500&fit=true&ws=false,http://www.10x10.co.kr/shopping/category_prd.asp?itemid=1166458&disp=121103112&pCtr=121103112,듀오백 DK 925GF 회전형 좌식의자 팔걸이 폴딩형,1166458,2,0,"89,000",10x10,책상의자,성공
40202,http://thumbnail.10x10.co.kr/webimage/image/basic600/348/B003488751.jpg?cmd=thumb&w=500&h=500&fit=true&ws=false,http://www.10x10.co.kr/shopping/category_prd.asp?itemid=3488751&disp=121102117&pCtr=121102117,16피스 에펠 체어 카페 식탁 인테리어 의자 크루스타,3488751,1,0,"37,900",10x10,인테리어의자,성공
40202,http://thumbnail.10x10.co.kr/webimage/image/basic600/256/B002562110.jpg?cmd=thumb&w=500&h=500&fit=true&ws=false,http://www.10x10.co.kr/shopping/category_prd.asp?itemid=2562110&disp=121102117&pCtr=121102117,그레네벨벳의자,2562110,2,0,"55,900",10x10,인테리어의자,성공
40202,http://thumbnail.10x10.co.kr/webimage/image/basic600/112/B001125343.jpg?cmd=thumb&w=500&h=500&fit=true&ws=false,http://www.10x10.co.kr/shopping/category_prd.asp?itemid=1125343&disp=121102117&pCtr=121102117,polo chair(폴로 체어),1125343,2,0,"170,000",10x10,인테리어의자,성공
40202,http://thumbnail.10x10.co.kr/webimage/image/basic600/354/B003543469.jpg?cmd=thumb&w=500&h=500&fit=true&ws=false,http://www.10x10.co.kr/shopping/category_prd.asp?itemid=3543469&disp=121102117&pCtr=121102117,라운딩 플라스틱 의자[SH003124],3543469,0,0,"44,850",10x10,인테리어의자,성공
40202,http://thumbnail.10x10.co.kr/webimage/image/basic600/348/B003488755.jpg?cmd=thumb&w=500&h=500&fit=true&ws=false,http://www.10x10.co.kr/shopping/category_prd.asp?itemid=3488755&disp=121102117&pCtr=121102117,16피스 에펠 체어 카페 식탁 인테리어 의자 멜클리어,3488755,2,0,"42,900",10x10,인테리어의자,성공
40202,http://thumbnail.10x10.co.kr/webimage/image/basic600/223/B002238336.jpg?cmd=thumb&w=500&h=500&fit=true&ws=false,http://www.10x10.co.kr/shopping/category_prd.asp?itemid=2238336&disp=121102117&pCtr=121102117,[미즌하임] 플로렌스 원목식탁 의자,2238336,2,0,"111,000",10x10,인테리어의자,성공
40202,http://thumbnail.10x10.co.kr/webimage/image/basic600/191/B001911836-1.jpg?cmd=thumb&w=500&h=500&fit=true&ws=false,http://www.10x10.co.kr/shopping/category_prd.asp?itemid=1911836&disp=121102117&pRtr=%EB%9D%BC%ED%83%84%EC%B2%B4%EC%96%B4&rc=rpos_1_15,이케아 TERJE 원목 접이식의자/이케아의자,1911836,11,0,"34,900",10x10,인테리어의자,성공
403,http://thumbnail.10x10.co.kr/webimage/image/basic600/373/B003731532.jpg?cmd=thumb&w=500&h=500&fit=true&ws=false,http://www.10x10.co.kr/shopping/category_prd.asp?itemid=3731532&disp=121103105&pRtr=%EC%84%A0%EB%B0%98&rc=rpos_1_36,[두닷모노] 트롤리 수납책장,3731532,4,0,"49,000",10x10,책장,성공
403,http://thumbnail.10x10.co.kr/webimage/image/basic600/358/B003584946.jpg?cmd=thumb&w=500&h=500&fit=true&ws=false,http://www.10x10.co.kr/shopping/category_prd.asp?itemid=3584946&disp=121103105&pRtr=%EC%84%A0%EB%B0%98%EC%9E%A5&rc=rpos_1_8,[두닷모노] 레이 틈새 책장,3584946,1,0,"59,000",10x10,책장,성공
403,http://thumbnail.10x10.co.kr/webimage/image/basic600/380/B003807591.jpg?cmd=thumb&w=500&h=500&fit=true&ws=false,http://www.10x10.co.kr/shopping/category_prd.asp?itemid=3807591&disp=121109103&pRtr=%EC%84%A0%EB%B0%98&rc=rpos_1_9,책상선반 다용도 책장 책꽂이 수납장,3807591,8,0,"37,900",10x10,책장,성공
403,http://thumbnail.10x10.co.kr/webimage/image/basic600/175/B001754523-3.jpg?cmd=thumb&w=500&h=500&fit=true&ws=false,http://www.10x10.co.kr/shopping/category_prd.asp?itemid=1754523&disp=121103105&pCtr=121103105,종이책장 3단(가로34cm),1754523,27,0,"15,000",10x10,책장,성공
403,http://thumbnail.10x10.co.kr/webimage/image/basic600/191/B001916486.jpg?cmd=thumb&w=500&h=500&fit=true&ws=false,http://www.10x10.co.kr/shopping/category_prd.asp?itemid=1916486&disp=121103105&pRtr=%EB%91%90%EB%8B%B7+%EC%84%A0%EB%B0%98%EC%9E%A5&rc=rpos_1_52,피랙 누보 선반장 2단 (4종 택1),1916486,4,0,"114,000",10x10,책장,성공
403,http://thumbnail.10x10.co.kr/webimage/image/basic600/297/B002978722-2.jpg?cmd=thumb&w=500&h=500&fit=true&ws=false,http://www.10x10.co.kr/shopping/category_prd.asp?itemid=2978722&disp=121103105&pCtr=121103105,[스크래치] 원목 오픈 수납선반 코너 책장,2978722,2,0,"99,000",10x10,책장,성공
403,http://thumbnail.10x10.co.kr/webimage/image/basic600/194/B001944111.jpg?cmd=thumb&w=500&h=500&fit=true&ws=false,http://www.10x10.co.kr/shopping/category_prd.asp?itemid=1944111&disp=121103105&pCtr=121103105,[두닷모노] 페이지 2단 확장형 책장,1944111,17,0,"78,000",10x10,책장,성공
403,http://thumbnail.10x10.co.kr/webimage/image/basic600/296/B002963787.jpg?cmd=thumb&w=500&h=500&fit=true&ws=false,http://www.10x10.co.kr/shopping/category_prd.asp?itemid=2963787&disp=121103105&pBtr=woodray,우드레이 HPM 인테리어 모듈 다용도 선반,2963787,4,0,"69,900",10x10,책장,성공
8102,http://thumbnail.10x10.co.kr/webimage/image/basic600/288/B002881967.jpg?cmd=thumb&w=500&h=500&fit=true&ws=false,http://www.10x10.co.kr/shopping/category_prd.asp?itemid=2881967&disp=112117105&pRtr=%EC%9C%A0%EB%A6%AC%EC%9E%94&rc=rpos_1_1,레트로 플라워 라인 식기 세트,2881967,92,0,"22,900",10x10,갬성돋는컵/잔,성공
8102,http://thumbnail.10x10.co.kr/webimage/image/basic600/364/B003649588-1.jpg?cmd=thumb&w=500&h=500&fit=true&ws=false,http://www.10x10.co.kr/shopping/category_prd.asp?itemid=3649588&disp=112117101&pRtr=%EC%9C%A0%EB%A6%AC%EC%9E%94&rc=rpos_1_2,[Peanuts] 프렌즈 유리컵,3649588,305,0,"12,000",10x10,갬성돋는컵/잔,성공
8102,http://thumbnail.10x10.co.kr/webimage/image/basic600/176/B001760139-3.jpg?cmd=thumb&w=500&h=500&fit=true&ws=false,http://www.10x10.co.kr/shopping/category_prd.asp?itemid=1760139&disp=112117&pRtr=%EC%9C%A0%EB%A6%AC%EC%9E%94&rc=rpos_1_3,[단독특가] 디즈니정품 글라스 유리컵4p (Premium 빈티지 컬렉션),1760139,390,0,"38,900",10x10,갬성돋는컵/잔,성공
8102,http://thumbnail.10x10.co.kr/webimage/image/basic600/381/B003814580.jpg?cmd=thumb&w=500&h=500&fit=true&ws=false,http://www.10x10.co.kr/shopping/category_prd.asp?itemid=3814580&disp=112117101&pRtr=%EC%9C%A0%EB%A6%AC%EC%9E%94&rc=rpos_1_4,[자꾸자꾸] 버터쿠키 같이먹자 씨리얼 유리컵,3814580,9,0,"15,000",10x10,갬성돋는컵/잔,성공
8102,http://thumbnail.10x10.co.kr/webimage/image/basic600/278/B002785591-6.jpg?cmd=thumb&w=500&h=500&fit=true&ws=false,http://www.10x10.co.kr/shopping/category_prd.asp?itemid=2785591&disp=112101116104&pRtr=%EB%A8%B8%EA%B7%B8%EC%BB%B5&rc=rpos_1_1,[Peanuts] 머그컵_스누피와 친구들 (6종),2785591,"2,737",0,"12,000",10x10,갬성돋는컵/잔,성공
8102,http://thumbnail.10x10.co.kr/webimage/image/basic/292/B002924063-5.jpg?cmd=thumb&w=500&h=500&fit=true&ws=false,http://www.10x10.co.kr/shopping/category_prd.asp?itemid=2924063&disp=112117101&pRtr=%EC%9C%A0%EB%A6%AC%EC%9E%94&rc=rpos_1_5,[디즈니] 클리어 유리컵 6종,2924063,373,0,"6,000",10x10,갬성돋는컵/잔,성공
8102,http://thumbnail.10x10.co.kr/webimage/image/basic600/237/B002379042.jpg?cmd=thumb&w=500&h=500&fit=true&ws=false,http://www.10x10.co.kr/shopping/category_prd.asp?itemid=2379042&disp=112117101&pRtr=%EC%9C%A0%EB%A6%AC%EC%9E%94&rc=rpos_1_8,coconeco 정식라이센스 고양이발 유리컵 아기고양이 230ml,2379042,299,0,"11,900",10x10,갬성돋는컵/잔,성공
8102,http://thumbnail.10x10.co.kr/webimage/image/basic600/321/B003217221.jpg?cmd=thumb&w=500&h=500&fit=true&ws=false,http://www.10x10.co.kr/shopping/category_prd.asp?itemid=3217221&disp=112101109&pRtr=%EC%BB%A4%ED%94%BC%EC%9E%94&rc=rpos_1_2,컵 앤 소서 - 커피잔 세트 (3종),3217221,46,0,"23,000",10x10,갬성돋는컵/잔,성공
8102,http://thumbnail.10x10.co.kr/webimage/image/basic600/373/B003734302-1.jpg?cmd=thumb&w=500&h=500&fit=true&ws=false,http://www.10x10.co.kr/shopping/category_prd.asp?itemid=3734302&disp=112101118&pRtr=%EC%BB%A4%ED%94%BC%EC%9E%94&rc=rpos_1_3,[디즈니]미녀와 야수_Tea cup 2set(4pcs),3734302,2,0,"69,900",10x10,갬성돋는컵/잔,성공
8102,http://thumbnail.10x10.co.kr/webimage/image/basic600/298/B002980856.jpg?cmd=thumb&w=500&h=500&fit=true&ws=false,http://www.10x10.co.kr/shopping/category_prd.asp?itemid=2980856&disp=112117105&pRtr=%ED%99%88%EC%B9%B4%ED%8E%98&rc=rpos_1_1,밀키 내열유리 손잡이유리컵 2size 택1p,2980856,47,0,"7,900",10x10,갬성돋는컵/잔,성공
8103,http://thumbnail.10x10.co.kr/webimage/image/basic600/209/B002091293.jpg?cmd=thumb&w=500&h=500&fit=true&ws=false,http://www.10x10.co.kr/shopping/category_prd.asp?itemid=2091293&disp=112102112&pRtr=%ED%99%88%EC%B9%B4%ED%8E%98+%EA%B7%B8%EB%A6%87&rc=rpos_1_1,오렌지가든 브런치 1인 세트 3P,2091293,88,0,"34,900",10x10,포인트그릇/식기,성공
8103,http://thumbnail.10x10.co.kr/webimage/image/basic600/360/B003608124-2.jpg?cmd=thumb&w=500&h=500&fit=true&ws=false,http://www.10x10.co.kr/shopping/category_prd.asp?itemid=3608124&disp=112102120&pRtr=%ED%99%88%EC%B9%B4%ED%8E%98+%EA%B7%B8%EB%A6%87&rc=rpos_1_2,타블도트 쿠쿠 레트로 플레이트 7인치(17cm) 4color,3608124,12,0,"10,500",10x10,포인트그릇/식기,성공
8103,http://thumbnail.10x10.co.kr/webimage/image/basic600/301/B003010074.jpg?cmd=thumb&w=500&h=500&fit=true&ws=false,http://www.10x10.co.kr/shopping/category_prd.asp?itemid=3010074&disp=112102120&pRtr=%ED%99%88%EC%B9%B4%ED%8E%98+%EA%B7%B8%EB%A6%87&rc=rpos_1_3,타블도트 로모 오발 플레이트 30cm / 2color,3010074,12,0,"37,000",10x10,포인트그릇/식기,성공
8103,http://thumbnail.10x10.co.kr/webimage/image/basic600/245/B002457700.jpg?cmd=thumb&w=500&h=500&fit=true&ws=false,http://www.10x10.co.kr/shopping/category_prd.asp?itemid=2457700&disp=112102120&pRtr=%ED%99%88%EC%B9%B4%ED%8E%98+%EA%B7%B8%EB%A6%87&rc=rpos_1_28,fleur 플레르 레이스 글라스 플레이트 3size,2457700,131,0,"8,500",10x10,포인트그릇/식기,성공
8103,http://thumbnail.10x10.co.kr/webimage/image/basic600/278/B002784157-1.jpg?cmd=thumb&w=500&h=500&fit=true&ws=false,http://www.10x10.co.kr/shopping/category_prd.asp?itemid=2784157&disp=112102&pCtr=112102,[Peanuts] 스누피 브런치세트(접시/스푼/씨리얼볼),2784157,399,0,"21,600",10x10,포인트그릇/식기,성공
8103,http://thumbnail.10x10.co.kr/webimage/image/basic600/358/B003585572.jpg?cmd=thumb&w=500&h=500&fit=true&ws=false,http://www.10x10.co.kr/shopping/category_prd.asp?itemid=3585572&disp=112103106&pRtr=%ED%99%88%EC%B9%B4%ED%8E%98+%ED%8A%B8%EB%A0%88%EC%9D%B4&rc=rpos_1_2,큐피드곰 트레이,3585572,73,0,"9,800",10x10,포인트그릇/식기,성공
8103,http://thumbnail.10x10.co.kr/webimage/image/basic600/354/B003542082.jpg?cmd=thumb&w=500&h=500&fit=true&ws=false,http://www.10x10.co.kr/shopping/category_prd.asp?itemid=3542082&disp=112103110&pRtr=%ED%99%88%EC%B9%B4%ED%8E%98+%EC%8A%A4%ED%91%BC&rc=rpos_1_2,DONATDONAT 버니 커트러리,3542082,130,0,"10,400",10x10,포인트그릇/식기,성공
8103,http://thumbnail.10x10.co.kr/webimage/image/basic600/227/B002270233-1.jpg?cmd=thumb&w=500&h=500&fit=true&ws=false,http://www.10x10.co.kr/shopping/category_prd.asp?itemid=2270233&disp=112103113&pRtr=%ED%99%88%EC%B9%B4%ED%8E%98+%EC%8A%A4%ED%91%BC&rc=rpos_1_7,모던 슬림 롱 스푼/포크 스테인리스 머들러,2270233,79,0,"1,400",10x10,포인트그릇/식기,성공
8103,http://thumbnail.10x10.co.kr/webimage/image/basic600/347/B003471853.jpg?cmd=thumb&w=500&h=500&fit=true&ws=false,http://www.10x10.co.kr/shopping/category_prd.asp?itemid=3471853&disp=112103110&pRtr=%ED%99%88%EC%B9%B4%ED%8E%98+%EC%8A%A4%ED%91%BC&rc=rpos_1_11,수바코_곰스푼포크세트,3471853,4,0,"17,000",10x10,포인트그릇/식기,성공
8103,http://thumbnail.10x10.co.kr/webimage/image/basic600/367/B003671854-2.jpg?cmd=thumb&w=500&h=500&fit=true&ws=false,http://www.10x10.co.kr/shopping/category_prd.asp?itemid=3671854&disp=112103106&pRtr=%ED%8A%B8%EB%A0%88%EC%9D%B4&rc=rpos_1_1,[Peanuts] 프렌즈 사각접시,3671854,306,0,"7,040",10x10,포인트그릇/식기,성공
8103,http://thumbnail.10x10.co.kr/webimage/image/basic600/24/B000243393-1.jpg?cmd=thumb&w=500&h=500&fit=true&ws=false,http://www.10x10.co.kr/shopping/category_prd.asp?itemid=243393&disp=112103106&pRtr=%ED%8A%B8%EB%A0%88%EC%9D%B4&rc=rpos_1_18,Retro 모닝세트,243393,267,0,"18,900",10x10,포인트그릇/식기,성공
8103,http://thumbnail.10x10.co.kr/webimage/image/basic600/168/B001689964.jpg?cmd=thumb&w=500&h=500&fit=true&ws=false,http://www.10x10.co.kr/shopping/category_prd.asp?itemid=1689964&disp=112102120&pRtr=%EA%B7%B8%EB%A6%87&rc=rpos_1_12,플랫 플레이트 - 02 브레드,1689964,922,0,"7,500",10x10,포인트그릇/식기,성공
8103,http://thumbnail.10x10.co.kr/webimage/image/basic600/307/B003074724-2.jpg?cmd=thumb&w=500&h=500&fit=true&ws=false,http://www.10x10.co.kr/shopping/category_prd.asp?itemid=3074724&disp=112102120&pRtr=%EA%B7%B8%EB%A6%87&rc=rpos_1_2,[Peanuts] 스누피 트레이,3074724,204,0,"11,400",10x10,포인트그릇/식기,성공
8104,http://thumbnail.10x10.co.kr/webimage/image/basic600/271/B002712863.jpg?cmd=thumb&w=500&h=500&fit=true&ws=false,http://www.10x10.co.kr/shopping/category_prd.asp?itemid=2712863&disp=112103104&pRtr=%EC%8B%9D%ED%83%81%EB%B3%B4&rc=rpos_1_12,베이비튤립 테이블클로스 - 아이보리,2712863,10,0,"27,000",10x10,식탁보/테이블매트,성공
8104,http://thumbnail.10x10.co.kr/webimage/image/basic600/352/B003520001.jpg?cmd=thumb&w=500&h=500&fit=true&ws=false,http://www.10x10.co.kr/shopping/category_prd.asp?itemid=3520001&disp=112103104&pRtr=%EC%8B%9D%ED%83%81%EB%B3%B4&rc=rpos_1_3,블랑 레이스 뜨개 테이블 커버,3520001,1,0,"15,900",10x10,식탁보/테이블매트,성공
8104,http://thumbnail.10x10.co.kr/webimage/image/basic600/346/B003466646.jpg?cmd=thumb&w=500&h=500&fit=true&ws=false,http://www.10x10.co.kr/shopping/category_prd.asp?itemid=3466646&disp=112103104&pRtr=%EC%B9%B4%ED%8E%98+%EC%8B%9D%ED%83%81%EB%B3%B4&rc=rpos_1_20,빈티지 블루 체크 테이블 식탁보 2size,3466646,7,0,"13,900",10x10,식탁보/테이블매트,성공
8104,http://thumbnail.10x10.co.kr/webimage/image/basic600/368/B003689597.jpg?cmd=thumb&w=500&h=500&fit=true&ws=false,http://www.10x10.co.kr/shopping/category_prd.asp?itemid=3689597&disp=112103104&pCtr=112103104,코티지 옐로우플라워 식탁보,3689597,2,0,"16,900",10x10,식탁보/테이블매트,성공
8104,http://thumbnail.10x10.co.kr/webimage/image/basic600/148/B001480529.jpg?cmd=thumb&w=500&h=500&fit=true&ws=false,http://www.10x10.co.kr/shopping/category_prd.asp?itemid=1480529&disp=112103107&pRtr=%ED%85%8C%EC%9D%B4%EB%B8%94+%EB%A7%A4%ED%8A%B8&rc=rpos_1_12,[3+1] AL 실리콘 브런치 테이블매트,1480529,235,0,"9,900",10x10,식탁보/테이블매트,성공
8104,http://thumbnail.10x10.co.kr/webimage/image/basic600/247/B002476935.jpg?cmd=thumb&w=500&h=500&fit=true&ws=false,http://www.10x10.co.kr/shopping/category_prd.asp?itemid=2476935&disp=112103107&pRtr=%ED%85%8C%EC%9D%B4%EB%B8%94+%EB%A0%88%EC%9D%B4%EC%8A%A4+%EB%A7%A4%ED%8A%B8&rc=rpos_1_20,레이스 테이블 매트 / 레이스 식탁보 (RM 235001),2476935,8,0,"13,800",10x10,식탁보/테이블매트,성공
8104,http://thumbnail.10x10.co.kr/webimage/image/basic600/269/B002699868.jpg?cmd=thumb&w=500&h=500&fit=true&ws=false,http://www.10x10.co.kr/shopping/category_prd.asp?itemid=2699868&disp=112103107&pRtr=%ED%85%8C%EC%9D%B4%EB%B8%94+%EB%A0%88%EC%9D%B4%EC%8A%A4+%EB%A7%A4%ED%8A%B8&rc=rpos_1_30,프렌치 자수 레이스 테이블 매트 7 color,2699868,146,0,"3,850",10x10,식탁보/테이블매트,성공
8104,http://thumbnail.10x10.co.kr/webimage/image/basic600/316/B003164865.jpg?cmd=thumb&w=500&h=500&fit=true&ws=false,http://www.10x10.co.kr/shopping/category_prd.asp?itemid=3164865&disp=112103104&pRtr=%EC%8B%9D%ED%83%81%EB%B3%B4&rc=rpos_1_7,포홈 빈티지 체크 테이블보 (4인용) 2color_(2191785),3164865,9,0,"20,800",10x10,식탁보/테이블매트,성공
8105,http://thumbnail.10x10.co.kr/webimage/image/basic600/236/B002368857-3.jpg?cmd=thumb&w=500&h=500&fit=true&ws=false,http://www.10x10.co.kr/shopping/category_prd.asp?itemid=2368857&disp=124108102&pCtr=124108102,[네스프레소] 시티즈 D113 에스프레소 캡슐 커피머신 화이트(신형),2368857,30,0,"279,000",10x10,홈카페가전,성공
8105,http://thumbnail.10x10.co.kr/webimage/image/basic600/275/B002752133-1.jpg?cmd=thumb&w=500&h=500&fit=true&ws=false,http://www.10x10.co.kr/shopping/category_prd.asp?itemid=2752133&disp=124108102&pRtr=%EC%BB%A4%ED%94%BC%EB%A8%B8%EC%8B%A0&rc=rpos_1_12,[텐텐단독] 모즈 홈카페 세트 (커피머신 + 커피 글라인더 + 텀블러),2752133,46,0,"139,000",10x10,홈카페가전,성공
8105,http://thumbnail.10x10.co.kr/webimage/image/basic600/290/B002902473-1.jpg?cmd=thumb&w=500&h=500&fit=true&ws=false,http://www.10x10.co.kr/shopping/category_prd.asp?itemid=2902473&disp=124108102&pRtr=%EC%BB%A4%ED%94%BC%EB%A8%B8%EC%8B%A0&rc=rpos_1_14,[7컬러] 스메그 드립커피머신 DCF02_(255967),2902473,7,0,"231,570",10x10,홈카페가전,성공
8105,http://thumbnail.10x10.co.kr/webimage/image/basic600/214/B002146997.jpg?cmd=thumb&w=500&h=500&fit=true&ws=false,http://www.10x10.co.kr/shopping/category_prd.asp?itemid=2146997&disp=124108102&pRtr=%EC%BB%A4%ED%94%BC%EB%A8%B8%EC%8B%A0&rc=rpos_1_17,레꼴뜨 홈 커피 스탠드 커피메이커,2146997,18,0,"49,000",10x10,홈카페가전,성공
8105,http://thumbnail.10x10.co.kr/webimage/image/basic600/374/B003747616.jpg?cmd=thumb&w=500&h=500&fit=true&ws=false,http://www.10x10.co.kr/shopping/category_prd.asp?itemid=3747616&disp=124106102&pRtr=%ED%86%A0%EC%8A%A4%ED%84%B0%EA%B8%B0&rc=rpos_1_2,피치피치 토스터기,3747616,12,0,"46,550",10x10,홈카페가전,성공
8202,http://thumbnail.10x10.co.kr/webimage/image/basic600/311/B003112336-3.jpg?cmd=thumb&w=500&h=500&fit=true&ws=false,http://www.10x10.co.kr/shopping/category_prd.asp?itemid=3112336&disp=120104107&pRtr=%EC%BF%A0%EC%85%98&rc=rpos_1_1,[Peanuts] 스누피 바디필로우 대형 (L),3112336,161,0,"76,000",10x10,세상편한쿠션,성공
8202,http://thumbnail.10x10.co.kr/webimage/image/basic600/382/B003824137.jpg?cmd=thumb&w=500&h=500&fit=true&ws=false,http://www.10x10.co.kr/shopping/category_prd.asp?itemid=3824137&disp=120101103104&pRtr=%EB%B0%94%EB%94%94%ED%95%84%EB%A1%9C%EC%9A%B0&rc=rpos_1_1,시원한 풍기인견 바디필로우 등쿠션 커버 균일가 모음_(2332779),3824137,2,0,"15,200",10x10,세상편한쿠션,성공
8202,http://thumbnail.10x10.co.kr/webimage/image/basic600/374/B003747617.jpg?cmd=thumb&w=500&h=500&fit=true&ws=false,http://www.10x10.co.kr/shopping/category_prd.asp?itemid=3747617&disp=120104107&pRtr=%EC%BF%A0%EC%85%98&rc=rpos_1_3,스윗 드림 바디 필로우 - 라이언,3747617,6,0,"31,350",10x10,세상편한쿠션,성공
8202,http://thumbnail.10x10.co.kr/webimage/image/basic600/332/B003329326.jpg?cmd=thumb&w=500&h=500&fit=true&ws=false,http://www.10x10.co.kr/shopping/category_prd.asp?itemid=3329326&disp=120104105&pRtr=%EC%BF%A0%EC%85%98&rc=rpos_1_6,소프트 식스모션 삼각 쿠션 2size_(1368350),3329326,8,0,"56,800",10x10,세상편한쿠션,성공
8202,http://thumbnail.10x10.co.kr/webimage/image/basic600/83/B000838407.jpg?cmd=thumb&w=500&h=500&fit=true&ws=false,http://www.10x10.co.kr/shopping/category_prd.asp?itemid=838407&disp=120104105&pRtr=%EC%BF%A0%EC%85%98&rc=rpos_1_10,26칼라 헤드쿠션,838407,14,0,"36,000",10x10,세상편한쿠션,성공
8202,http://thumbnail.10x10.co.kr/webimage/image/basic600/324/B003242391.jpg?cmd=thumb&w=500&h=500&fit=true&ws=false,http://www.10x10.co.kr/shopping/category_prd.asp?itemid=3242391&disp=120104105&pRtr=%EB%93%B1%EC%BF%A0%EC%85%98&rc=rpos_1_15,삼각 침대 헤드 쿠션,3242391,5,0,"35,000",10x10,세상편한쿠션,성공
8202,http://thumbnail.10x10.co.kr/webimage/image/basic600/213/B002137497.jpg?cmd=thumb&w=500&h=500&fit=true&ws=false,http://www.10x10.co.kr/shopping/category_prd.asp?itemid=2137497&disp=120104105&pRtr=%EB%93%B1%EC%BF%A0%EC%85%98&rc=rpos_1_27,웰시코기 엉덩이 쿠션담요 낮잠 팔베개,2137497,3,0,"27,500",10x10,세상편한쿠션,성공
8202,http://thumbnail.10x10.co.kr/webimage/image/basic600/159/B001594277.jpg?cmd=thumb&w=500&h=500&fit=true&ws=false,http://www.10x10.co.kr/shopping/category_prd.asp?itemid=1594277&disp=120101103104&pCtr=120101103104,북극곰오리털바디필로우,1594277,32,0,"27,600",10x10,세상편한쿠션,성공
8202,http://thumbnail.10x10.co.kr/webimage/image/basic600/258/B002587032.jpg?cmd=thumb&w=500&h=500&fit=true&ws=false,http://www.10x10.co.kr/shopping/category_prd.asp?itemid=2587032&rc=item_happy_4&disptype=g,코튼푸드 식빵 모찌방석 40cm_(1896160),2587032,4,0,"17,900",10x10,세상편한쿠션,성공
8203,http://thumbnail.10x10.co.kr/webimage/image/basic600/384/B003848738.jpg?cmd=thumb&w=500&h=500&fit=true&ws=false,http://www.10x10.co.kr/shopping/category_prd.asp?itemid=3848738&disp=102104105101&pRtr=%ED%95%B8%EB%93%9C%ED%8F%B0+%EA%B1%B0%EC%B9%98%EB%8C%80&rc=rpos_1_3,산리오 캐릭터 피규어 핸드폰 거치대,3848738,6,0,"12,000",10x10,실용성갑거치대,성공
8203,http://thumbnail.10x10.co.kr/webimage/image/basic600/349/B003497072-1.jpg?cmd=thumb&w=500&h=500&fit=true&ws=false,http://www.10x10.co.kr/shopping/category_prd.asp?itemid=3497072&disp=102104105101&pRtr=%ED%95%B8%EB%93%9C%ED%8F%B0+%EA%B1%B0%EC%B9%98%EB%8C%80&rc=rpos_1_9,픽스엔케이스 핸드폰 태블릿 아이폰 거치대 탁상용 FXA26,3497072,4,0,"4,200",10x10,실용성갑거치대,성공
8203,http://thumbnail.10x10.co.kr/webimage/image/basic600/360/B003605576.jpg?cmd=thumb&w=500&h=500&fit=true&ws=false,http://www.10x10.co.kr/shopping/category_prd.asp?itemid=3605576&disp=102104105101&pRtr=%ED%95%B8%EB%93%9C%ED%8F%B0+%EA%B1%B0%EC%B9%98%EB%8C%80&rc=rpos_1_23,침대 핸드폰 거치대 만능 자바라 목걸이 거치대 스탠드 ST4017,3605576,0,0,"16,300",10x10,실용성갑거치대,성공
8203,http://thumbnail.10x10.co.kr/webimage/image/basic600/289/B002890730.jpg?cmd=thumb&w=500&h=500&fit=true&ws=false,http://www.10x10.co.kr/shopping/category_prd.asp?itemid=2890730&disp=102104105101&pRtr=%ED%95%B8%EB%93%9C%ED%8F%B0+%EA%B1%B0%EC%B9%98%EB%8C%80&rc=rpos_1_26,OMT 스틸 휴대용 접이식 태블릿 거치대 소형/대형 2type_(1529789),2890730,6,0,"4,500",10x10,실용성갑거치대,성공
8203,http://thumbnail.10x10.co.kr/webimage/image/basic600/372/B003724630.jpg?cmd=thumb&w=500&h=500&fit=true&ws=false,http://www.10x10.co.kr/shopping/category_prd.asp?itemid=3724630&disp=102104105101&pRtr=%ED%95%B8%EB%93%9C%ED%8F%B0+%EA%B1%B0%EC%B9%98%EB%8C%80&rc=rpos_1_25,접이식 멀티 핸드폰 스탠드 태블릿 스마트 거치대,3724630,1,0,"11,800",10x10,실용성갑거치대,성공
8203,http://thumbnail.10x10.co.kr/webimage/image/basic600/354/B003547554.jpg?cmd=thumb&w=500&h=500&fit=true&ws=false,http://www.10x10.co.kr/shopping/category_prd.asp?itemid=3547554&disp=102104105101&pRtr=%ED%95%B8%EB%93%9C%ED%8F%B0+%EA%B1%B0%EC%B9%98%EB%8C%80&rc=rpos_1_40,핸드폰 수직 수평 촬영 거치대 스탠드 항공샷 만능샷 ST3525,3547554,11,0,"20,000",10x10,실용성갑거치대,성공
8203,http://thumbnail.10x10.co.kr/webimage/image/basic600/339/B003399213.jpg?cmd=thumb&w=500&h=500&fit=true&ws=false,http://www.10x10.co.kr/shopping/category_prd.asp?itemid=3399213&disp=102104105101&pRtr=%ED%95%B8%EB%93%9C%ED%8F%B0+%EA%B1%B0%EC%B9%98%EB%8C%80&rc=rpos_1_41,자바라스마트폰거치대,3399213,18,0,"3,920",10x10,실용성갑거치대,성공
8301,http://thumbnail.10x10.co.kr/webimage/image/basic600/308/B003089308.jpg?cmd=thumb&w=500&h=500&fit=true&ws=false,http://www.10x10.co.kr/shopping/category_prd.asp?itemid=3089308&disp=104113108&pRtr=%ED%8C%8C%ED%8B%B0%EC%9E%A5%EC%8B%9D&rc=rpos_1_6,샹들리에 생일케익초 촛대&캔들 세트 [메탈실버]_(12089896),3089308,0,0,"2,000",10x10,파티용필수장식,성공
8301,http://thumbnail.10x10.co.kr/webimage/image/basic600/383/B003834566.jpg?cmd=thumb&w=500&h=500&fit=true&ws=false,http://www.10x10.co.kr/shopping/category_prd.asp?itemid=3834566&disp=104113108&pRtr=%ED%8C%8C%ED%8B%B0%EC%9E%A5%EC%8B%9D&rc=rpos_1_31,생일 파티 은박 커튼 9color [포토존 홈파티 홀로그램 반짝이 수술],3834566,1,0,"4,500",10x10,파티용필수장식,성공
8301,http://thumbnail.10x10.co.kr/webimage/image/basic600/360/B003604187.jpg?cmd=thumb&w=500&h=500&fit=true&ws=false,http://www.10x10.co.kr/shopping/category_prd.asp?itemid=3604187&disp=104113114&pRtr=%ED%8C%8C%ED%8B%B0%EC%9E%A5%EC%8B%9D&rc=rpos_1_34,Bailey Cake Band 베일리케이크머리띠,3604187,6,0,"4,000",10x10,파티용필수장식,성공
8301,http://thumbnail.10x10.co.kr/webimage/image/basic600/322/B003221069.jpg?cmd=thumb&w=500&h=500&fit=true&ws=false,http://www.10x10.co.kr/shopping/category_prd.asp?itemid=3221069&disp=122105104&pRtr=%EC%BA%94%EB%93%A4%ED%99%80%EB%8D%94&rc=rpos_1_5,유니크 쉘트레이 / 조개 접시 / 도자기 캔들 받침,3221069,10,0,"7,200",10x10,파티용필수장식,성공
8301,http://thumbnail.10x10.co.kr/webimage/image/basic/242/B002426773-1.jpg?cmd=thumb&w=500&h=500&fit=true&ws=false,http://www.10x10.co.kr/shopping/category_prd.asp?itemid=2426773&disp=122105104&pRtr=%EC%BA%94%EB%93%A4%ED%99%80%EB%8D%94&rc=rpos_1_10,크리스탈 골드 트레이 캔들 홀더 5 type,2426773,21,0,"19,900",10x10,파티용필수장식,성공
8301,http://thumbnail.10x10.co.kr/webimage/image/basic600/275/B002759346.jpg?cmd=thumb&w=500&h=500&fit=true&ws=false,http://www.10x10.co.kr/shopping/category_prd.asp?itemid=2759346&disp=122105104&pRtr=%EC%BA%94%EB%93%A4%ED%99%80%EB%8D%94&rc=rpos_1_42,클리어라인 티라이트 캔들 홀더_(27984),2759346,16,0,"6,800",10x10,파티용필수장식,성공
8301,http://thumbnail.10x10.co.kr/webimage/image/basic600/194/B001948242.jpg?cmd=thumb&w=500&h=500&fit=true&ws=false,http://www.10x10.co.kr/shopping/category_prd.asp?itemid=1948242&disp=122105104&pRtr=%EC%BA%94%EB%93%A4%ED%99%80%EB%8D%94&rc=rpos_1_46,[모노뜨] 알루미늄 촛대 17cm (브라운),1948242,18,0,"10,500",10x10,파티용필수장식,성공
8303,http://thumbnail.10x10.co.kr/webimage/image/basic600/272/B002728055.jpg?cmd=thumb&w=500&h=500&fit=true&ws=false,http://www.10x10.co.kr/shopping/category_prd.asp?itemid=2728055&disp=112101112101&pRtr=%EC%88%A0%EC%9E%94&rc=rpos_1_11,사랑담은♡ 하트 소주잔 술잔 1EA [유리 소주 컵 잔 집들이 선물],2728055,10,0,"2,500",10x10,술맛달달술잔,성공
8303,http://thumbnail.10x10.co.kr/webimage/image/basic600/238/B002380223.jpg?cmd=thumb&w=500&h=500&fit=true&ws=false,http://www.10x10.co.kr/shopping/category_prd.asp?itemid=2380223&disp=112101112101&pRtr=%EC%88%A0%EC%9E%94&rc=rpos_1_12,빈티지 레트로 글라스 소주잔 50ml_(1253537),2380223,19,0,"2,620",10x10,술맛달달술잔,성공
8303,http://thumbnail.10x10.co.kr/webimage/image/basic600/291/B002915208-1.jpg?cmd=thumb&w=500&h=500&fit=true&ws=false,http://www.10x10.co.kr/shopping/category_prd.asp?itemid=2915208&disp=112101112101&pRtr=%EC%88%A0%EC%9E%94&rc=rpos_1_10,골드 쁘띠 소주잔 50ml 1P/4P세트,2915208,7,0,"5,000",10x10,술맛달달술잔,성공
8303,http://thumbnail.10x10.co.kr/webimage/image/basic600/260/B002602742.jpg?cmd=thumb&w=500&h=500&fit=true&ws=false,http://www.10x10.co.kr/shopping/category_prd.asp?itemid=2602742&disp=112101112103&pRtr=%EC%88%A0%EC%9E%94&rc=rpos_1_16,고양이의 연못,2602742,4,0,"22,000",10x10,술맛달달술잔,성공
8303,http://thumbnail.10x10.co.kr/webimage/image/basic600/54/B000540038-3.jpg?cmd=thumb&w=500&h=500&fit=true&ws=false,http://www.10x10.co.kr/shopping/category_prd.asp?itemid=540038&disp=112101112103&pRtr=%EC%88%A0%EC%9E%94&rc=rpos_1_3,달잔L 2P세트,540038,145,0,"30,000",10x10,술맛달달술잔,성공
8303,http://thumbnail.10x10.co.kr/webimage/image/basic600/155/B001552103-2.jpg?cmd=thumb&w=500&h=500&fit=true&ws=false,http://www.10x10.co.kr/shopping/category_prd.asp?itemid=1552103&disp=112101112103&pRtr=%EC%88%A0%EC%9E%94&rc=rpos_1_4,달 한잔 하실래요? 주병선물세트,1552103,158,0,"49,000",10x10,술맛달달술잔,성공
8303,http://thumbnail.10x10.co.kr/webimage/image/basic600/327/B003272015.jpg?cmd=thumb&w=500&h=500&fit=true&ws=false,http://www.10x10.co.kr/shopping/category_prd.asp?itemid=3272015&disp=112117105&pRtr=4%EC%99%80%EC%9D%B8%EC%9E%94&rc=rpos_1_2,깨지지 않는 고블렛 와인잔 4color,3272015,2,0,"16,500",10x10,술맛달달술잔,성공
8303,http://thumbnail.10x10.co.kr/webimage/image/basic600/368/B003683692.jpg?cmd=thumb&w=500&h=500&fit=true&ws=false,http://www.10x10.co.kr/shopping/category_prd.asp?itemid=3683692&disp=112101112102&pRtr=%EC%88%A0%EC%9E%94&rc=rpos_1_2,모애 내이름 콕콕 커스텀 각인 맞춤제작 소맥잔세트,3683692,7,0,"13,900",10x10,술맛달달술잔,성공
8304,http://thumbnail.10x10.co.kr/webimage/image/basic600/359/B003594152.jpg?cmd=thumb&w=500&h=500&fit=true&ws=false,http://www.10x10.co.kr/shopping/category_prd.asp?itemid=3594152&disp=112109122&pRtr=%EC%99%80%EC%9D%B8+%EC%97%90%EC%96%B4%EB%A0%88%EC%9D%B4%ED%84%B0&rc=rpos_1_2,원터치 전자식 와인 에어레이터 디캔터 소르보(실버),3594152,1,0,"64,660",10x10,알콜력상승아이템,성공
8304,http://thumbnail.10x10.co.kr/webimage/image/basic600/370/B003702445.jpg?cmd=thumb&w=500&h=500&fit=true&ws=false,http://www.10x10.co.kr/shopping/category_prd.asp?itemid=3702445&disp=112104101&pRtr=%EC%88%A0&rc=rpos_1_56,6구 홈파티 원샷 주류 디스펜서 집들이 선물,3702445,0,0,"10,900",10x10,알콜력상승아이템,성공
8304,http://thumbnail.10x10.co.kr/webimage/image/basic600/271/B002717138.jpg?cmd=thumb&w=500&h=500&fit=true&ws=false,http://www.10x10.co.kr/shopping/category_prd.asp?itemid=2717138&disp=124104&pRtr=%EC%86%8C%ED%98%95+%EB%83%89%EC%9E%A5%EA%B3%A0&rc=rpos_1_2,미디어 소형냉장고 MR-87LB1 / 87L / 블랙,2717138,5,0,"129,960",10x10,알콜력상승아이템,성공
8304,http://thumbnail.10x10.co.kr/webimage/image/basic600/335/B003359694.jpg?cmd=thumb&w=500&h=500&fit=true&ws=false,http://www.10x10.co.kr/shopping/category_prd.asp?itemid=3359694&disp=112104116&pRtr=%EC%88%A0&rc=rpos_1_41,슈팅 오프너 병따개,3359694,0,0,"4,900",10x10,알콜력상승아이템,성공
8304,http://thumbnail.10x10.co.kr/webimage/image/basic600/295/B002954965.jpg?cmd=thumb&w=500&h=500&fit=true&ws=false,http://www.10x10.co.kr/shopping/category_prd.asp?itemid=2954965&disp=112116109&pRtr=%EB%85%B9%EC%A7%80+%EC%95%8A%EB%8A%94+%EC%96%BC%EC%9D%8C&rc=rpos_1_1,디얼리빙	녹지않는 아이스큐브/아이스볼 스텐 얼음 홈카페,2954965,4,0,"14,400",10x10,알콜력상승아이템,성공
8304,http://thumbnail.10x10.co.kr/webimage/image/basic600/285/B002854351.jpg?cmd=thumb&w=500&h=500&fit=true&ws=false,http://www.10x10.co.kr/shopping/category_prd.asp?itemid=2854351&disp=112109119&pRtr=%EC%99%80%EC%9D%B8+%EC%8A%A4%ED%86%A0%ED%8D%BC&rc=rpos_1_2,레꼴뜨 이지 와인 키퍼 스토퍼 세이버 코르크 마개,2854351,12,0,"13,000",10x10,알콜력상승아이템,성공
8401,http://thumbnail.10x10.co.kr/webimage/image/basic600/367/B003675661.jpg?cmd=thumb&w=500&h=500&fit=true&ws=false,http://www.10x10.co.kr/shopping/category_prd.asp?itemid=3675661&disp=121102118&pRtr=%EA%B2%8C%EC%9D%B4%EB%B0%8D+%EC%9D%98%EC%9E%90&rc=rpos_1_1,16피스 사무용 학생 책상 컴퓨터 레이싱 PC방 게이밍 의자,3675661,6,0,"102,900",10x10,게이밍의자/발받침,성공
8401,http://thumbnail.10x10.co.kr/webimage/image/basic600/358/B003587260.jpg?cmd=thumb&w=500&h=500&fit=true&ws=false,http://www.10x10.co.kr/shopping/category_prd.asp?itemid=3587260&disp=121102118&pRtr=%EA%B2%8C%EC%9D%B4%EB%B0%8D+%EC%9D%98%EC%9E%90&rc=rpos_1_3,에이픽스 컴퓨터 게이밍 의자 GC005 핑크,3587260,1,0,"169,000",10x10,게이밍의자/발받침,성공
8401,http://thumbnail.10x10.co.kr/webimage/image/basic600/337/B003377766-2.jpg?cmd=thumb&w=500&h=500&fit=true&ws=false,http://www.10x10.co.kr/shopping/category_prd.asp?itemid=3377766&disp=121102118&pRtr=%EA%B2%8C%EC%9D%B4%EB%B0%8D%EC%9D%98%EC%9E%90&rc=rpos_1_2,싯존 디즈니 미키 마우스 게이밍의자 게임의자_(1686325),3377766,4,0,"129,000",10x10,게이밍의자/발받침,성공
8401,http://thumbnail.10x10.co.kr/webimage/image/basic600/350/B003502926.jpg?cmd=thumb&w=500&h=500&fit=true&ws=false,http://www.10x10.co.kr/shopping/category_prd.asp?itemid=3502926&disp=121103111101&pRtr=%EB%B0%9C%EB%B0%9B%EC%B9%A8&rc=rpos_1_2,책상발받침대 돌기 각도조절 미끄럼방지,3502926,3,0,"36,900",10x10,게이밍의자/발받침,성공
8402,http://thumbnail.10x10.co.kr/webimage/image/basic600/321/B003214486.jpg?cmd=thumb&w=500&h=500&fit=true&ws=false,http://www.10x10.co.kr/shopping/category_prd.asp?itemid=3214486&disp=121103101101&pRtr=%EA%B2%8C%EC%9D%B4%EB%B0%8D+%EC%B1%85%EC%83%81&rc=rpos_1_12,아넬 800 화이트 접이식 1인용 컴퓨터 책상 철제 게이밍 WH,3214486,0,0,"120,000",10x10,게이밍책상,성공
8402,http://thumbnail.10x10.co.kr/webimage/image/basic600/190/B001904973.jpg?cmd=thumb&w=500&h=500&fit=true&ws=false,http://www.10x10.co.kr/shopping/category_prd.asp?itemid=1904973&disp=121103101101&pRtr=%EC%BB%B4%ED%93%A8%ED%84%B0+%EC%B1%85%EC%83%81&rc=rpos_1_13,이케아 LINNMON/ADILS 테이블 (100x60 화이트),1904973,505,0,"46,900",10x10,게이밍책상,성공
8402,http://thumbnail.10x10.co.kr/webimage/image/basic600/266/B002660780.jpg?cmd=thumb&w=500&h=500&fit=true&ws=false,http://www.10x10.co.kr/shopping/category_prd.asp?itemid=2660780&disp=121103101101&pRtr=%EC%BB%B4%ED%93%A8%ED%84%B0+%EC%B1%85%EC%83%81&rc=rpos_2_9,몬스터오피스 탑책상1000/1200/1400/1600 사무실책상 학생가구,2660780,2,0,"47,900",10x10,게이밍책상,성공
8402,http://thumbnail.10x10.co.kr/webimage/image/basic600/360/B003605248.jpg?cmd=thumb&w=500&h=500&fit=true&ws=false,http://www.10x10.co.kr/shopping/category_prd.asp?itemid=3605248&disp=121103101&pRtr=%EA%B2%8C%EC%9D%B4%EB%B0%8D&rc=rpos_2_15,[아이니샵] PC방 게이밍 컴퓨터 책상세트 의자포함_(306922),3605248,0,0,"390,000",10x10,게이밍책상,성공
8403,http://thumbnail.10x10.co.kr/webimage/image/basic600/124/B001242285.jpg?cmd=thumb&w=500&h=500&fit=true&ws=false,http://www.10x10.co.kr/shopping/category_prd.asp?itemid=1242285&disp=101108101113&pRtr=%EA%B2%8C%EC%9D%B4%EB%B0%8D&rc=rpos_1_5,데스크매트(와이드),1242285,464,0,"12,510",10x10,게이밍책상꾸미기,성공
8403,http://thumbnail.10x10.co.kr/webimage/image/basic600/290/B002904589.jpg?cmd=thumb&w=500&h=500&fit=true&ws=false,http://www.10x10.co.kr/shopping/category_prd.asp?itemid=2904589&disp=102108102103&pRtr=%EA%B2%8C%EC%9D%B4%EB%B0%8D&rc=rpos_1_25,OMT 메모리폼 손목보호쿠션내장 게이밍 대형 장패드 마우스패드,2904589,3,0,"17,900",10x10,게이밍책상꾸미기,성공
8403,http://thumbnail.10x10.co.kr/webimage/image/basic600/290/B002901752.jpg?cmd=thumb&w=500&h=500&fit=true&ws=false,http://www.10x10.co.kr/shopping/category_prd.asp?itemid=2901752&disp=102108102101&pRtr=%EB%AA%A8%EB%8B%88%ED%84%B0+%EB%B0%9B%EC%B9%A8%EB%8C%80&rc=rpos_1_1,아임홈리빙 LINE 모니터받침대,2901752,48,0,"15,900",10x10,게이밍책상꾸미기,성공
8403,http://thumbnail.10x10.co.kr/webimage/image/basic600/360/B003604099.jpg?cmd=thumb&w=500&h=500&fit=true&ws=false,http://www.10x10.co.kr/shopping/category_prd.asp?itemid=3604099&disp=102108101110&pRtr=%EA%B2%8C%EC%9D%B4%EB%B0%8D+%EB%AA%A8%EB%8B%88%ED%84%B0+%EB%B0%9B%EC%B9%A8%EB%8C%80&rc=rpos_1_4,PRO-RGB001 프로 RGB 게이밍 싱글 모니터암 거치대 받침대,3604099,1,0,"97,000",10x10,게이밍책상꾸미기,성공
8403,http://thumbnail.10x10.co.kr/webimage/image/basic600/127/B001278266-1.jpg?cmd=thumb&w=500&h=500&fit=true&ws=false,http://www.10x10.co.kr/shopping/category_prd.asp?itemid=1278266&disp=102107104104&pRtr=%ED%95%B4%EB%93%9C%ED%8F%B0+%EA%B1%B0%EC%B9%98%EB%8C%80&rc=rpos_1_11,엘라고 H 에어팟맥스 헤드폰 스탠드(3색상),1278266,13,0,"49,000",10x10,게이밍책상꾸미기,성공
8403,http://thumbnail.10x10.co.kr/webimage/image/basic600/202/B002029091-1.jpg?cmd=thumb&w=500&h=500&fit=true&ws=false,http://www.10x10.co.kr/shopping/category_prd.asp?itemid=2029091&disp=121103111102&pRtr=%EC%BB%B4%ED%93%A8%ED%84%B0+%EC%B1%85%EC%83%81&rc=rpos_2_14,이스테지아 원목 모니터 받침대 1190_(11343500),2029091,10,0,"35,800",10x10,게이밍책상꾸미기,성공
8403,http://thumbnail.10x10.co.kr/webimage/image/basic600/245/B002455863.jpg?cmd=thumb&w=500&h=500&fit=true&ws=false,http://www.10x10.co.kr/shopping/category_prd.asp?itemid=2455863&disp=101112109105&pRtr=%EA%B2%8C%EC%9D%B4%EB%B0%8D+%EC%9A%A9%ED%92%88&rc=rpos_1_2,카카오프렌즈 리틀 마우스 패드_(4048011),2455863,32,0,"2,000",10x10,게이밍책상꾸미기,성공
8404,http://thumbnail.10x10.co.kr/webimage/image/basic600/381/B003812529-1.jpg?cmd=thumb&w=500&h=500&fit=true&ws=false,http://www.10x10.co.kr/shopping/category_prd.asp?itemid=3812529&disp=122114110&pRtr=%EA%B0%84%EC%A0%91%EC%A1%B0%EB%AA%85&rc=rpos_1_1,앨리스 LED 무선 미니 무드등 수면등,3812529,56,0,"14,900",10x10,PC방감성조명,성공
8404,http://thumbnail.10x10.co.kr/webimage/image/basic600/331/B003313868-1.jpg?cmd=thumb&w=500&h=500&fit=true&ws=false,http://www.10x10.co.kr/shopping/category_prd.asp?itemid=3313868&disp=122114110&pRtr=%EA%B0%84%EC%A0%91%EC%A1%B0%EB%AA%85&rc=rpos_1_3,[Peanuts] 스누피 터치 무드등,3313868,127,0,"36,000",10x10,PC방감성조명,성공
8404,http://thumbnail.10x10.co.kr/webimage/image/basic600/391/B003881370-1.jpg?cmd=thumb&w=500&h=500&fit=true&ws=false,https://www.10x10.co.kr/deal/deal.asp?itemid=3912684&disp=122114110&pCtr=122114110,[캐릭터조명] 스폰지밥 짱구 몰랑이 인기 무드등 모음,3912684,0,0,"11,100",10x10,PC방감성조명,성공
8404,http://thumbnail.10x10.co.kr/webimage/image/basic600/370/B003702311.jpg?cmd=thumb&w=500&h=500&fit=true&ws=false,http://www.10x10.co.kr/shopping/category_prd.asp?itemid=3702311&disp=122114110&pRtr=PC%EB%B0%A9+%EC%A1%B0%EB%AA%85&rc=rpos_1_9,RGB 인테리어 PC방 거실 특이한 간접 무드등 스탠드,3702311,1,0,"69,900",10x10,PC방감성조명,성공
8404,http://thumbnail.10x10.co.kr/webimage/image/basic600/333/B003334034.jpg?cmd=thumb&w=500&h=500&fit=true&ws=false,http://www.10x10.co.kr/shopping/category_prd.asp?itemid=3334034&disp=122114117101&pRtr=%EA%B0%84%EC%A0%91%EC%A1%B0%EB%AA%85&rc=rpos_1_10,플랜룩스 모니터 LED램프 책상 LED스탠드 USB 조명,3334034,4,0,"28,900",10x10,PC방감성조명,성공
8404,http://thumbnail.10x10.co.kr/webimage/image/basic600/265/B002659671.jpg?cmd=thumb&w=500&h=500&fit=true&ws=false,http://www.10x10.co.kr/shopping/category_prd.asp?itemid=2659671&disp=122114110&pRtr=%EA%B0%84%EC%A0%91%EC%A1%B0%EB%AA%85&rc=rpos_1_31,자석 USB 터치 LED책상등 간접조명,2659671,24,0,"17,900",10x10,PC방감성조명,성공
