cate_id,img_url,org_url,prd_nm,prd_id,rate_cnt,rate_val,sales_price,seller_nm,cate_nm,has_stock
10101,//thumbnail9.coupangcdn.com/thumbnails/remote/230x230ex/image/vendor_inventory/f41a/28af3653816302fabfefd86fb24f1c35cf6ecaecc9c88be1aceb0dff24fd.jpg,https://www.coupang.com/vp/products/2245139455?itemId=3836705957&vendorItemId=71821531532&sourceType=CATEGORY&categoryId=184464&isAddedCart=,삼익가구 위럭스 슈퍼싱글/퀸 원목침대(본넬 매트리스),2245139455,31,0,"289,000",쿠팡,일반침대,True
10101,//thumbnail8.coupangcdn.com/thumbnails/remote/230x230ex/image/vendor_inventory/images/2018/12/07/19/8/86efca56-56f3-4c62-a873-93dd265ade30.jpg,https://www.coupang.com/vp/products/165416299?itemId=474421835&vendorItemId=4187770660&sourceType=CATEGORY&categoryId=184464&isAddedCart=,동서가구 2019서울어워드선정 숲 편백 슈퍼싱글 원목침대 프레임 DF638423,165416299,35,0,"199,000",쿠팡,일반침대,True
10101,//thumbnail6.coupangcdn.com/thumbnails/remote/230x230ex/image/vendor_inventory/ecc0/8e4b0779f9a2bf3137ad2467ed273b5824c23dcec4f0a7c6b8610eaabe59.jpg,https://www.coupang.com/vp/products/1141993983?itemId=2113243352&vendorItemId=70111898516&sourceType=CATEGORY&categoryId=184464&isAddedCart=,삼익가구 로이 슈퍼싱글/퀸 LED 침대 + 본넬 매트리스 포함,1141993983,535,0,"199,900",쿠팡,일반침대,True
10101,//thumbnail9.coupangcdn.com/thumbnails/remote/230x230ex/image/retail/images/17590491484634-6ca0eeb3-8476-4dc3-baa9-74b0b9a9b4f4.jpg,https://www.coupang.com/vp/products/257451083?itemId=807959668&vendorItemId=5054500170&sourceType=CATEGORY&categoryId=184464&isAddedCart=,에보니아 파인 평상형 900싱글침대 확장형,257451083,106,0,"103,980",쿠팡,일반침대,True
10101,//thumbnail9.coupangcdn.com/thumbnails/remote/230x230ex/image/vendor_inventory/b071/efb6955910026a53bede8d64b4ca6ec91ecd031a6114997941fab599c341.jpg,https://www.coupang.com/vp/products/4842372443?itemId=6259538697&vendorItemId=72782908156&sourceType=CATEGORY&categoryId=184464&isAddedCart=,올쏘 네이처 아카시아 원목 퀸 침대 프레임,4842372443,8,0,"199,000",쿠팡,일반침대,True
10101,//thumbnail8.coupangcdn.com/thumbnails/remote/230x230ex/image/retail/images/2020/08/28/13/4/b7d3403a-5fc3-49bc-b4d6-73f1e7409c25.jpg,https://www.coupang.com/vp/products/1984949332?itemId=3377801924&vendorItemId=71443319390&sourceType=CATEGORY&categoryId=184464&isAddedCart=,소미랑 루체 철제 침대,1984949332,100,0,"97,420",쿠팡,일반침대,True
10101,//thumbnail9.coupangcdn.com/thumbnails/remote/230x230ex/image/vendor_inventory/ec5e/28f8a493085f0d5efaf6142c322e3e629abc87ba1daa1677636518534c5a.jpg,https://www.coupang.com/vp/products/1968834514?itemId=3348279099&vendorItemId=71335058428&sourceType=CATEGORY&categoryId=184464&isAddedCart=,크렌시아 딜라이트 밀리 일반형 슈퍼싱글 침대프레임 SS (매트제외),1968834514,1,0,"59,000",쿠팡,일반침대,True
10102,//thumbnail10.coupangcdn.com/thumbnails/remote/230x230ex/image/vendor_inventory/5157/c177bbc7f02ec37bab48c2ab66d1a30e07d26f545f9d707596a16537bc6c.jpg,https://www.coupang.com/vp/products/1315498278?itemId=2334103851&vendorItemId=71749451277&sourceType=CATEGORY&categoryId=184464&isAddedCart=,[삼익가구]러버 LED 4단 수납 원목 침대(YS 양모 라텍스 7존 독립스프링 매트리스-슈퍼싱글),1315498278,103,0,"349,000",쿠팡,수납침대,True
10102,//thumbnail10.coupangcdn.com/thumbnails/remote/230x230ex/image/vendor_inventory/5157/c177bbc7f02ec37bab48c2ab66d1a30e07d26f545f9d707596a16537bc6c.jpg,https://www.coupang.com/vp/products/1315500107?itemId=2334105963&vendorItemId=70330766139&sourceType=CATEGORY&categoryId=184464&isAddedCart=,[삼익가구]러버 LED 4단 수납 원목 침대(YS 파워 본넬스프링 매트리스-슈퍼싱글),1315500107,513,0,"299,000",쿠팡,수납침대,True
10102,//thumbnail10.coupangcdn.com/thumbnails/remote/230x230ex/image/retail/images/2020/11/02/15/5/c55f5442-40a1-4466-af5b-79cf9aada34a.jpg,https://www.coupang.com/vp/products/2336333658?itemId=4045655993&vendorItemId=72029800774&sourceType=CATEGORY&categoryId=184464&isAddedCart=,에몬스홈 베스터 서랍형 침대 + 스프링매트리스 방문설치,2336333658,41,0,"367,000",쿠팡,수납침대,True
10102,//thumbnail8.coupangcdn.com/thumbnails/remote/230x230ex/image/vendor_inventory/3a08/9b3f251f8c1111a45ee22b6e6995dcb3f7c497163016088ca827539dd88e.jpg,https://www.coupang.com/vp/products/4648389078?itemId=5792156870&vendorItemId=73090660283&sourceType=CATEGORY&categoryId=184464&isAddedCart=,라자가구 RF 엘리아엠 LED 리노 서랍 침대+베이직 본넬 매트리스,4648389078,6,0,,쿠팡,수납침대,True
10102,//thumbnail9.coupangcdn.com/thumbnails/remote/230x230ex/image/vendor_inventory/4fc1/e89d9a7474ce2723b78e44182acd32ab6aa3d7bb40c1d39a97b67ce0fc8f.jpg,https://www.coupang.com/vp/products/44831973?itemId=160524408&vendorItemId=3130458885&sourceType=CATEGORY&categoryId=184464&isAddedCart=,동서가구 미휴 수납헤드 깊은서랍 슈퍼싱글 침대 (매트리스포함) DFF3599A,44831973,"1,529",0,"239,000",쿠팡,수납침대,True
10102,//thumbnail7.coupangcdn.com/thumbnails/remote/230x230ex/image/vendor_inventory/0a22/95010a3ffdbf301e56dc23d034b7e5d2aef03821bd4632e7d469cbbb207c.jpg,https://www.coupang.com/vp/products/291783797?itemId=922848395&vendorItemId=5295929236&sourceType=CATEGORY&categoryId=184464&isAddedCart=,보니애가구 헤일리 LED 조명 3단 서랍형 수납 침대 슈퍼싱글 (SS) 매트리스+베드테이블 세트,291783797,123,0,"276,000",쿠팡,수납침대,True
10102,//thumbnail8.coupangcdn.com/thumbnails/remote/230x230ex/image/retail/images/256606212383449-90e11500-60bf-4118-9c79-2b14daf44856.jpg,https://www.coupang.com/vp/products/2045728977?itemId=3477886088&vendorItemId=71464199135&sourceType=CATEGORY&categoryId=184464&isAddedCart=,리샘 코코 킹서랍형 빅수납 침대 + 라텍폼스 매트리스 40mm,2045728977,3,0,"394,680",쿠팡,수납침대,True
10102,//thumbnail9.coupangcdn.com/thumbnails/remote/230x230ex/image/retail/images/2020/08/28/14/4/8bfc079e-9c2a-4339-a91e-ef652d920e37.jpg,https://www.coupang.com/vp/products/2035042888?itemId=3460550193&vendorItemId=71446919202&sourceType=CATEGORY&categoryId=184464&isAddedCart=,크렌시아 오로라2 LED 멀티수납 침대 + 본넬매트리스 방문설치,2035042888,113,0,"399,000",쿠팡,수납침대,True
10102,//thumbnail9.coupangcdn.com/thumbnails/remote/230x230ex/image/vendor_inventory/c11c/4944481c1741dd6671e72afcb874782da69e275c9cb61c395c3c86a01a9b.jpg,https://www.coupang.com/vp/products/1679751826?itemId=2861518595&vendorItemId=70850784851&sourceType=CATEGORY&categoryId=184464&isAddedCart=,동서가구 메이 무헤드 원목 수납 형 슈퍼싱글 침대프레임 B1315,1679751826,5,0,"143,900",쿠팡,수납침대,True
10201,//thumbnail7.coupangcdn.com/thumbnails/remote/230x230ex/image/retail/images/1718003232276974-96565baf-0c28-4595-adba-9740ab3e6f14.jpg,https://www.coupang.com/vp/products/1829494046?itemId=3112224365&vendorItemId=71099969717&q=%EB%A7%A4%ED%8A%B8%EB%A6%AC%EC%8A%A4&itemsCount=36&searchId=9a7d4805cf9c418cb5e6c25d03d6944c&rank=2&isAddedCart=,삼익가구 로얄 익스클루시브 유로탑 매트리스 방문설치,1829494046,375,0,"296,300",쿠팡,매트리스,True
10201,//thumbnail7.coupangcdn.com/thumbnails/remote/230x230ex/image/retail/images/132001384855892-22087985-c813-4b94-9f30-ac3cbe8bb870.jpg,https://www.coupang.com/vp/products/1825425941?itemId=3105982306&vendorItemId=71093749376&q=%EB%A7%A4%ED%8A%B8%EB%A6%AC%EC%8A%A4&itemsCount=36&searchId=9a7d4805cf9c418cb5e6c25d03d6944c&rank=7&isAddedCart=,지누스 베이직 메모리폼 매트리스 20cm,1825425941,93,0,"199,000",쿠팡,매트리스,True
10201,//thumbnail8.coupangcdn.com/thumbnails/remote/230x230ex/image/vendor_inventory/2eb5/3f5b02347cf4fedd4761e10f4a041041a2ea82e8d50b97d1ba39bc0b8f06.jpg,https://www.coupang.com/vp/products/102336253?itemId=278037054&vendorItemId=3087740374&sourceType=srp_product_ads&q=%EB%A7%A4%ED%8A%B8%EB%A6%AC%EC%8A%A4&itemsCount=36&searchId=9a7d4805cf9c418cb5e6c25d03d6944c&rank=4&isAddedCart=,R-2 텐셀 참숯 독립스프링매트리스,102336253,"6,895",0,"118,000",쿠팡,매트리스,True
10201,//thumbnail9.coupangcdn.com/thumbnails/remote/230x230ex/image/product/image/vendoritem/2018/10/16/3223113263/b1bf54cf-7e4b-40b1-8477-1fb6a870d1d9.jpg,https://www.coupang.com/vp/products/29584661?itemId=113173220&vendorItemId=3223113263&q=%EB%A7%A4%ED%8A%B8%EB%A6%AC%EC%8A%A4&itemsCount=36&searchId=9a7d4805cf9c418cb5e6c25d03d6944c&rank=10&isAddedCart=,베스트리빙 본넬스프링 롤팩매트리스,29584661,"2,169",0,"67,000",쿠팡,매트리스,True
10201,//thumbnail9.coupangcdn.com/thumbnails/remote/230x230ex/image/retail/images/359705562951002-575bd98b-e0f6-4de7-a3b4-4ab6e15623b8.jpg,https://www.coupang.com/vp/products/1441220196?itemId=2485135833&vendorItemId=70478395166&q=%EB%A7%A4%ED%8A%B8%EB%A6%AC%EC%8A%A4&itemsCount=36&searchId=9a7d4805cf9c418cb5e6c25d03d6944c&rank=3&isAddedCart=,더릭스홈 9존 마약매트리스 침대형 8cm + 폴리겉커버,1441220196,841,0,"64,900",쿠팡,매트리스,True
10201,//thumbnail9.coupangcdn.com/thumbnails/remote/230x230ex/image/vendor_inventory/6c1e/659876ca9c9c40524e9b22f3a4c970a26cd9c47c0608dfb4e343ee3a9079.jpg,https://www.coupang.com/vp/products/1491130212?itemId=2559790951&vendorItemId=70552284904&q=%EB%A7%A4%ED%8A%B8%EB%A6%AC%EC%8A%A4&itemsCount=36&searchId=9a7d4805cf9c418cb5e6c25d03d6944c&rank=6&isAddedCart=,미성침대 시그니처 본넬 스프링 침대 매트리스 싱글 슈퍼싱글 퀸,1491130212,865,0,"87,000",쿠팡,매트리스,True
10201,//thumbnail10.coupangcdn.com/thumbnails/remote/230x230ex/image/retail/images/414680815816391-1a746e33-2545-4333-9e0d-50125ecc7b82.jpg,https://www.coupang.com/vp/products/5275321421?itemId=7530101769&vendorItemId=74821642881&q=%EB%A7%A4%ED%8A%B8%EB%A6%AC%EC%8A%A4&itemsCount=36&searchId=9a7d4805cf9c418cb5e6c25d03d6944c&rank=11&isAddedCart=,[쿠팡 직수입] 그랜레스트 발칸 3단 접이식 메모리폼 토퍼 10cm,5275321421,71,0,"139,000",쿠팡,매트리스,True
10201,//thumbnail6.coupangcdn.com/thumbnails/remote/230x230ex/image/retail/images/259524904605968-a7b69aa6-894b-4255-a461-3a0af9f96afc.jpg,https://www.coupang.com/vp/products/1441220273?itemId=2485135914&vendorItemId=70478395237&q=%EB%A7%A4%ED%8A%B8%EB%A6%AC%EC%8A%A4&itemsCount=36&searchId=9a7d4805cf9c418cb5e6c25d03d6944c&rank=1&isAddedCart=,더릭스홈 9존 마약매트리스 바닥형 12cm + 폴리겉커버,1441220273,"1,288",0,"107,880",쿠팡,매트리스,True
10201,//thumbnail10.coupangcdn.com/thumbnails/remote/230x230ex/image/product/image/vendoritem/2019/02/19/3225985487/ece476e3-0b86-4a7a-8768-6ea494a97a31.jpg,https://www.coupang.com/vp/products/29824344?itemId=114004252&vendorItemId=3225985487&q=%EB%A7%A4%ED%8A%B8%EB%A6%AC%EC%8A%A4&itemsCount=36&searchId=9a7d4805cf9c418cb5e6c25d03d6944c&rank=12&isAddedCart=,블루밍홈 프리미엄 롤링매트리스,29824344,892,0,"109,900",쿠팡,매트리스,True
10202,//thumbnail8.coupangcdn.com/thumbnails/remote/230x230ex/image/retail/images/189210553068870-ffd7047c-28f3-4095-a5de-9058dd7ac346.jpg,https://www.coupang.com/vp/products/4739220211?itemId=6019836740&vendorItemId=73317507399&q=%ED%86%A0%ED%8D%BC&itemsCount=36&searchId=5dbd60b271844a9ca23782e220fc5e70&rank=3&isAddedCart=,코멧홈 워싱 플란넬 토퍼,4739220211,225,0,"30,240",쿠팡,토퍼,True
10202,//thumbnail9.coupangcdn.com/thumbnails/remote/230x230ex/image/retail/images/89158697882512-396e10f3-3c12-4a43-8ebf-2631ae7565b2.jpg,https://www.coupang.com/vp/products/2175044453?itemId=2459992967&vendorItemId=70453504788&q=%ED%86%A0%ED%8D%BC&itemsCount=36&searchId=5dbd60b271844a9ca23782e220fc5e70&rank=1&isAddedCart=,라뽐므 노르빅 토퍼 매트리스,2175044453,"1,732",0,"39,800",쿠팡,토퍼,True
10202,//thumbnail7.coupangcdn.com/thumbnails/remote/230x230ex/image/retail/images/2018/12/19/11/5/bc60610c-762b-4ea1-8404-7d7d79e35684.jpg,https://www.coupang.com/vp/products/169683104?itemId=484296306&vendorItemId=4219606776&q=%ED%86%A0%ED%8D%BC&itemsCount=36&searchId=5dbd60b271844a9ca23782e220fc5e70&rank=2&isAddedCart=,타카타카 울트라파인화이바 더클라우딩 밴딩형토퍼,169683104,"1,789",0,"29,670",쿠팡,토퍼,True
10202,//thumbnail9.coupangcdn.com/thumbnails/remote/230x230ex/image/retail/images/359705562951002-575bd98b-e0f6-4de7-a3b4-4ab6e15623b8.jpg,https://www.coupang.com/vp/products/1441220196?itemId=2485135833&vendorItemId=70478395166&q=%ED%86%A0%ED%8D%BC&itemsCount=36&searchId=5dbd60b271844a9ca23782e220fc5e70&rank=6&isAddedCart=,더릭스홈 9존 마약매트리스 침대형 8cm + 폴리겉커버,1441220196,841,0,"64,900",쿠팡,토퍼,True
10202,//thumbnail6.coupangcdn.com/thumbnails/remote/230x230ex/image/retail/images/2020/04/10/19/6/511e0d94-aeb7-4f6c-a9a9-7fdc037b4d6e.jpg,https://www.coupang.com/vp/products/1487920874?itemId=2554566370&vendorItemId=70547096456&q=%ED%86%A0%ED%8D%BC&itemsCount=36&searchId=5dbd60b271844a9ca23782e220fc5e70&rank=7&isAddedCart=,럭스바자르 호텔식 고밀도 양면 볼륨밴딩토퍼,1487920874,110,0,"36,400",쿠팡,토퍼,True
10202,//thumbnail9.coupangcdn.com/thumbnails/remote/230x230ex/image/retail/images/2019/05/28/14/8/d586e4f7-136e-4350-aba4-051c2f2e40e9.jpg,https://www.coupang.com/vp/products/230214564?itemId=730092923&vendorItemId=4846276767&q=%ED%86%A0%ED%8D%BC&itemsCount=36&searchId=5dbd60b271844a9ca23782e220fc5e70&rank=21&isAddedCart=,아임리빙 바이알러지 토퍼,230214564,907,0,"17,900",쿠팡,토퍼,True
10202,//thumbnail8.coupangcdn.com/thumbnails/remote/230x230ex/image/vendor_inventory/8979/a750100c7d4b253fd380b95d8f7baf99ebe533f41d708d1748b9330b3af1.jpg,https://www.coupang.com/vp/products/215153859?itemId=657498191&vendorItemId=71784969252&q=%ED%86%A0%ED%8D%BC&itemsCount=36&searchId=5dbd60b271844a9ca23782e220fc5e70&rank=25&isAddedCart=,이불아저씨 포시즌 요매트 요토퍼(+솜포함),215153859,"1,423",0,"33,900",쿠팡,토퍼,True
103,//thumbnail10.coupangcdn.com/thumbnails/remote/230x230ex/image/retail/images/6542454301717-51d1865b-52b7-483f-804a-09a73a9b6ede.jpg,https://www.coupang.com/vp/products/6782689?itemId=30039639&vendorItemId=3044677178&sourceType=CATEGORY&categoryId=184506&isAddedCart=,다우드 프리첼 화장대 + 의자 세트,6782689,"1,045",0,"58,400",쿠팡,화장대,True
103,//thumbnail7.coupangcdn.com/thumbnails/remote/230x230ex/image/operator/2359965279/19975cad-50d9-dd9c-9820-be8fc2da5b12.jpg,https://www.coupang.com/vp/products/1334452679?itemId=2359965279&vendorItemId=70356359890&sourceType=CATEGORY&categoryId=184506&isAddedCart=,[삼익가구]보이스 멀티수납형 원목 화장대 세트(스툴포함),1334452679,127,0,"129,780",쿠팡,화장대,True
103,//thumbnail8.coupangcdn.com/thumbnails/remote/230x230ex/image/retail/images/2019/11/26/17/7/7c327a05-ccaf-4380-859c-99ad22b20c2a.jpg,https://www.coupang.com/vp/products/344074265?itemId=1093114180&vendorItemId=5609513137&sourceType=CATEGORY&categoryId=184506&isAddedCart=,파로마 데이지 원목다리 650 화장대,344074265,79,0,"94,000",쿠팡,화장대,True
103,//thumbnail7.coupangcdn.com/thumbnails/remote/230x230ex/image/retail/images/2020/04/02/17/7/466c4390-47b0-4730-98e0-988ae3df15a4.jpg,https://www.coupang.com/vp/products/1436574647?itemId=2479505769&vendorItemId=70472824806&sourceType=CATEGORY&categoryId=184506&isAddedCart=,데코라인 자인 좌식 미니화장대,1436574647,167,0,"70,000",쿠팡,화장대,True
103,//thumbnail10.coupangcdn.com/thumbnails/remote/230x230ex/image/retail/images/2017/04/19/21/9/8870117d-2603-4d5c-ae5c-2e92031d36aa.jpg,https://www.coupang.com/vp/products/19327807?itemId=77558403&vendorItemId=3130823862&sourceType=CATEGORY&categoryId=184506&isAddedCart=,소프시스 미니화장대,19327807,456,0,"37,840",쿠팡,화장대,True
104,//thumbnail10.coupangcdn.com/thumbnails/remote/230x230ex/image/retail/images/398868497073360-41c06eba-be7e-4ca2-a329-294774490399.jpg,https://www.coupang.com/vp/products/307276727?itemId=968863141&vendorItemId=5376783905&sourceType=CATEGORY&categoryId=417550&isAddedCart=,데코퍼니쳐 거치경 전신거울 300 x 1500 mm,307276727,"5,625",0,"15,580",쿠팡,거울,True
104,//thumbnail8.coupangcdn.com/thumbnails/remote/230x230ex/image/product/image/vendoritem/2019/01/28/3254106618/d11ff473-370f-4caa-a928-e1978af742a3.jpg,https://www.coupang.com/vp/products/33171976?itemId=124672174&vendorItemId=3254106618&sourceType=CATEGORY&categoryId=417550&isAddedCart=,미소아이 모자이크 벽거울 4p,33171976,"1,255",0,"13,150",쿠팡,거울,True
104,//thumbnail9.coupangcdn.com/thumbnails/remote/230x230ex/image/product/image/vendoritem/2019/04/04/3122673487/fdbb66c2-ee55-455c-a84b-a4ae3cdb95ed.jpg,https://www.coupang.com/vp/products/18446768?itemId=74159333&vendorItemId=3122673487&sourceType=CATEGORY&categoryId=417550&isAddedCart=,룸앤홈 모리스벽거울 L,18446768,645,0,"13,810",쿠팡,거울,True
104,//thumbnail9.coupangcdn.com/thumbnails/remote/230x230ex/image/product/image/vendoritem/2019/02/01/3205096513/d90463b2-ac1f-459b-89b0-3d3d89ef2cb1.jpg,https://www.coupang.com/vp/products/27637299?itemId=106719309&vendorItemId=3205096513&sourceType=CATEGORY&categoryId=417550&isAddedCart=,유일아트 사각면치 탁상거울,27637299,396,0,"8,700",쿠팡,거울,True
105,//thumbnail9.coupangcdn.com/thumbnails/remote/230x230ex/image/retail/images/280172849328332-c678beb9-411c-4030-85a8-44e9b88b8114.jpg,https://www.coupang.com/vp/products/1387766039?itemId=2423350387&vendorItemId=70417454415&q=%ED%98%91%ED%83%81&itemsCount=36&searchId=5b01c142addc4a348c9b6bfb1ff74861&rank=7&isAddedCart=,파로마 수 큐브 사이드 테이블,1387766039,427,0,"34,470",쿠팡,협탁/사이드테이블,True
105,//thumbnail8.coupangcdn.com/thumbnails/remote/230x230ex/image/product/image/vendoritem/2019/01/29/3008471627/7d9de2c1-dab3-4547-b4b6-fe1eaddbe8f0.jpg,https://www.coupang.com/vp/products/1010910?itemId=4254080&vendorItemId=3008471627&q=%ED%98%91%ED%83%81&itemsCount=36&searchId=5b01c142addc4a348c9b6bfb1ff74861&rank=6&isAddedCart=,제이디퍼니처 고급 2단 협탁 서랍형,1010910,"2,085",0,"23,900",쿠팡,협탁/사이드테이블,True
105,//thumbnail8.coupangcdn.com/thumbnails/remote/230x230ex/image/retail/images/2018/08/14/17/9/12d6bac1-f5b0-4168-ad69-b4373fab0f9a.jpg,https://www.coupang.com/vp/products/124499180?itemId=368383931&vendorItemId=73703674543&q=%EC%82%AC%EC%9D%B4%EB%93%9C%ED%85%8C%EC%9D%B4%EB%B8%94&itemsCount=36&searchId=996d87a95c7b431a8acfbc58566f8628&rank=3&isAddedCart=,앳홈 원목 컬러 접이식 테이블,124499180,55,0,"22,900",쿠팡,협탁/사이드테이블,True
105,//thumbnail7.coupangcdn.com/thumbnails/remote/230x230ex/image/vendor_inventory/4549/76e9cb5e40461002995161d7954dfbe5c952f760d65ed994cd9c1f5d2542.jpg,https://www.coupang.com/vp/products/5510334735?itemId=8586921467&vendorItemId=75874202542&sourceType=srp_product_ads&q=%EC%82%AC%EC%9D%B4%EB%93%9C%ED%85%8C%EC%9D%B4%EB%B8%94&itemsCount=36&searchId=996d87a95c7b431a8acfbc58566f8628&rank=4&isAddedCart=,디닷컴퍼니 이동식 사이드 테이블,5510334735,0,0,"26,900",쿠팡,협탁/사이드테이블,True
20101,//thumbnail8.coupangcdn.com/thumbnails/remote/230x230ex/image/retail/images/2020/06/05/15/4/3ce91e7b-7501-41c1-b43c-d64f8e77683c.jpg,https://www.coupang.com/vp/products/102388536?itemId=311904234&vendorItemId=70842943905&q=%EC%9B%90%EB%A3%B8%EC%86%8C%ED%8C%8C&itemsCount=36&searchId=7d9c82d5aff84331ab9857b46fbffd31&rank=1&isAddedCart=,수오 루틴 2인용 수납 소파,102388536,228,0,"87,430",쿠팡,일반소파,True
20101,//thumbnail9.coupangcdn.com/thumbnails/remote/230x230ex/image/retail/images/1734226085578034-f6ef0f80-ec8b-47c1-bf09-636c305edae8.jpg,https://www.coupang.com/vp/products/215492233?itemId=659234586&vendorItemId=71588761629&q=%EC%9B%90%EB%A3%B8%EC%86%8C%ED%8C%8C&itemsCount=36&searchId=7d9c82d5aff84331ab9857b46fbffd31&rank=12&isAddedCart=,에보니아 이브 패브릭 2인용 소파,215492233,416,0,"152,500",쿠팡,일반소파,True
20101,//thumbnail8.coupangcdn.com/thumbnails/remote/230x230ex/image/retail/images/2019/02/22/15/8/6465f710-b873-41a9-878e-975262d11b39.jpg,https://www.coupang.com/vp/products/189723723?itemId=541992582&vendorItemId=4417868547&q=%EC%9B%90%EB%A3%B8%EC%86%8C%ED%8C%8C&itemsCount=36&searchId=7d9c82d5aff84331ab9857b46fbffd31&rank=19&isAddedCart=,에보니아 포니 1인 소파의자 PU인조가죽,189723723,132,0,"67,930",쿠팡,일반소파,True
20101,//thumbnail8.coupangcdn.com/thumbnails/remote/230x230ex/image/retail/images/2020/06/22/14/8/e409a2f8-2a88-4f8c-979a-a05c9bbb2bc3.jpg,https://www.coupang.com/vp/products/1730872139?itemId=2946334542&vendorItemId=70934903091&q=1%EC%9D%B8+%EC%86%8C%ED%8C%8C&itemsCount=36&searchId=cccaac7d23a04d49a9b637cad29b8bd7&rank=2&isAddedCart=,에보니아 143 방수 패브릭 1인용 소파,1730872139,112,0,"89,350",쿠팡,일반소파,True
20102,//thumbnail7.coupangcdn.com/thumbnails/remote/230x230ex/image/vendor_inventory/439f/a4044ae58c3c430d116806d16a7f42d5315889005b3b2583960045fa0c81.jpg,https://www.coupang.com/vp/products/1443363742?itemId=2487854302&vendorItemId=76181057106&q=%EB%A6%AC%ED%81%B4%EB%9D%BC%EC%9D%B4%EB%84%88+%EC%86%8C%ED%8C%8C&itemsCount=36&searchId=0d938b5b8ea6446f9fbdc9c0725aebe3&rank=27&isAddedCart=,Aosida 스윗퍼니 리클라이너소파 각도조절 360도회전 1인용소파의자 쇼파 안락의자 소파 리클라이너,1443363742,37,0,,쿠팡,리클라이너소파,True
20102,//thumbnail7.coupangcdn.com/thumbnails/remote/230x230ex/image/retail/images/2020/10/23/12/9/8883ead1-36af-46fc-97d6-51642fa933b1.jpg,https://www.coupang.com/vp/products/2285536314?itemId=3928585178&vendorItemId=71913097694&q=%EB%A6%AC%ED%81%B4%EB%9D%BC%EC%9D%B4%EB%84%88+%EC%86%8C%ED%8C%8C&itemsCount=36&searchId=0d938b5b8ea6446f9fbdc9c0725aebe3&rank=16&isAddedCart=,비바체 리클라이너 소파 OR112,2285536314,27,0,"126,700",쿠팡,리클라이너소파,True
20102,//thumbnail7.coupangcdn.com/thumbnails/remote/230x230ex/image/retail/images/2020/05/26/15/7/fd6964cc-efdc-4cf4-b83c-2960f501e038.jpg,https://www.coupang.com/vp/products/4736246271?itemId=39455002&vendorItemId=70762997691&q=%EB%A6%AC%ED%81%B4%EB%9D%BC%EC%9D%B4%EB%84%88+%EC%86%8C%ED%8C%8C&itemsCount=36&searchId=0d938b5b8ea6446f9fbdc9c0725aebe3&rank=34&isAddedCart=,메이코 히다마리 바락 좌식의자,4736246271,295,0,"66,300",쿠팡,리클라이너소파,True
20103,//thumbnail6.coupangcdn.com/thumbnails/remote/230x230ex/image/retail/images/2019/02/07/15/5/f7664b56-b388-4579-9ce9-d2138361d784.jpg,https://www.coupang.com/vp/products/184631206?itemId=528371769&vendorItemId=4374654774&q=%EC%86%8C%ED%8C%8C%EB%B2%A0%EB%93%9C&itemsCount=36&searchId=229fd8ce33914cbeb37748b922b4f9cc&rank=3&isAddedCart=,블루밍홈 보노 하이 백 소파베드 더블,184631206,85,0,"104,900",쿠팡,소파베드,True
20102,//thumbnail9.coupangcdn.com/thumbnails/remote/230x230ex/image/retail/images/2020/10/23/12/2/c1a7564e-5956-42b3-bb7b-b229b0e8a29f.jpg,https://www.coupang.com/vp/products/2285536479?itemId=3928585501&vendorItemId=71913097923&q=%EB%A6%AC%ED%81%B4%EB%9D%BC%EC%9D%B4%EB%84%88+%EC%86%8C%ED%8C%8C&itemsCount=36&searchId=0d938b5b8ea6446f9fbdc9c0725aebe3&rank=23&isAddedCart=,세인트 리클라이너 소파 OR113,2285536479,14,0,"135,500",쿠팡,리클라이너소파,True
20103,//thumbnail8.coupangcdn.com/thumbnails/remote/230x230ex/image/retail/images/2020/09/17/11/5/ed996730-3198-4bec-8fd7-f52c6b584a49.jpg,https://www.coupang.com/vp/products/32023744?itemId=120690575&vendorItemId=71596079425&q=%EC%86%8C%ED%8C%8C%EB%B2%A0%EB%93%9C&itemsCount=36&searchId=229fd8ce33914cbeb37748b922b4f9cc&rank=7&isAddedCart=,서광퍼니처 HR황토폼 4단 접이식매트리스 쇼파베드 180T 더블사이즈,32023744,295,0,"153,000",쿠팡,소파베드,True
20103,//thumbnail7.coupangcdn.com/thumbnails/remote/230x230ex/image/vendor_inventory/b03b/28bc73e300d417add03c423e3fccb0306e938533ccbeb2bc80c43d5de947.jpg,https://www.coupang.com/vp/products/206554206?itemId=224484925&vendorItemId=3545360493&q=%EC%86%8C%ED%8C%8C%EB%B2%A0%EB%93%9C&itemsCount=36&searchId=229fd8ce33914cbeb37748b922b4f9cc&rank=24&isAddedCart=,퍼니코 비제 스툴 카우치 트렌스폼 멀티 소파베드,206554206,28,0,"149,000",쿠팡,소파베드,True
20103,//thumbnail9.coupangcdn.com/thumbnails/remote/230x230ex/image/product/image/vendoritem/2018/10/24/3618462544/f86df1ad-3606-45d3-bc1e-93b6cab296f6.jpg,https://www.coupang.com/vp/products/78757060?itemId=254038049&vendorItemId=3618462544&q=%EC%86%8C%ED%8C%8C%EB%B2%A0%EB%93%9C&itemsCount=36&searchId=229fd8ce33914cbeb37748b922b4f9cc&rank=30&isAddedCart=,블루밍홈 싱글윈디 소파베드,78757060,745,0,"66,300",쿠팡,소파베드,True
20104,//thumbnail7.coupangcdn.com/thumbnails/remote/230x230ex/image/retail/images/2020/04/23/12/7/4a499485-ba43-4196-bca0-a98bf7ada37e.jpg,https://www.coupang.com/vp/products/1520116386?itemId=2608344056&vendorItemId=70599451845&pickType=COU_PICK&q=%EC%95%88%EB%9D%BD%EC%9D%98%EC%9E%90&itemsCount=36&searchId=717bf3e9b10b4028ac57d2ecfec681a0&rank=6&isAddedCart=,릴렉스 접이식 의자 A형,1520116386,50,0,"33,390",쿠팡,안락의자/빈백,True
20104,//thumbnail7.coupangcdn.com/thumbnails/remote/230x230ex/image/retail/images/159432022853734-384d7d74-afb4-4495-91d1-58eaf6d483db.jpg,https://www.coupang.com/vp/products/260646155?itemId=815582847&vendorItemId=5096500380&pickType=COU_PICK&q=%EB%B9%88%EB%B0%B1&itemsCount=36&searchId=a17b3751e38f45289cee4e2154251343&rank=1&isAddedCart=,리브맘 달콤 빈백 쇼파,260646155,413,0,"82,770",쿠팡,안락의자/빈백,True
20104,//thumbnail7.coupangcdn.com/thumbnails/remote/230x230ex/image/product/image/vendoritem/2018/09/10/3009521758/ee395c88-8bbc-4452-abc7-def257e6dfce.jpg,https://www.coupang.com/vp/products/1048460?itemId=4490647&vendorItemId=3009521758&q=%EC%95%88%EB%9D%BD%EC%9D%98%EC%9E%90&itemsCount=36&searchId=717bf3e9b10b4028ac57d2ecfec681a0&rank=20&isAddedCart=,제스파 안락 의자,1048460,513,0,"39,680",쿠팡,안락의자/빈백,True
20104,//thumbnail10.coupangcdn.com/thumbnails/remote/230x230ex/image/retail/images/2020/06/02/10/6/eb20b8cc-55be-4831-ac46-a5b58ad89f61.jpg,https://www.coupang.com/vp/products/1624478894?itemId=2771696215&vendorItemId=70805409399&q=%EB%B9%88%EB%B0%B1&itemsCount=36&searchId=a17b3751e38f45289cee4e2154251343&rank=2&isAddedCart=,말랑말랑 미니 땅콩 빈백,1624478894,106,0,"35,920",쿠팡,안락의자/빈백,True
202,//thumbnail7.coupangcdn.com/thumbnails/remote/230x230ex/image/retail/images/168227507310806-b6c85884-3c97-4c6e-9cc0-2d977ae9ac86.jpg,https://www.coupang.com/vp/products/21744531?itemId=328365827&vendorItemId=3805228721&q=%EB%B0%A5%EC%83%81+%ED%85%8C%EC%9D%B4%EB%B8%94&itemsCount=36&searchId=ed18b27c5fe647de92c5da5d1ec2d758&rank=12&isAddedCart=,서우 네츄럴 원형상 특대 75 x 75 cm,21744531,"1,130",0,"23,900",쿠팡,밥상/테이블,True
202,//thumbnail6.coupangcdn.com/thumbnails/remote/230x230ex/image/product/image/vendoritem/2017/07/03/3001384557/7e71e22b-c951-4922-8d1e-9b3d98c912f7.jpg,https://www.coupang.com/vp/products/2568423?itemId=1437730&vendorItemId=3001384557&q=%EB%B0%A5%EC%83%81+%ED%85%8C%EC%9D%B4%EB%B8%94&itemsCount=36&searchId=ed18b27c5fe647de92c5da5d1ec2d758&rank=7&isAddedCart=,네츄럴 라인 다용도상 소형,2568423,"1,325",0,"9,010",쿠팡,밥상/테이블,True
202,//thumbnail10.coupangcdn.com/thumbnails/remote/230x230ex/image/retail/images/2019/11/01/16/7/27dd48d1-039b-4871-b00a-eded98a0496d.jpg,https://www.coupang.com/vp/products/152167524?itemId=1058151963&vendorItemId=5533125860&q=%EB%B0%A5%EC%83%81+%ED%85%8C%EC%9D%B4%EB%B8%94&itemsCount=36&searchId=ed18b27c5fe647de92c5da5d1ec2d758&rank=1&isAddedCart=,아이캔컴퍼니 LPM 4단 높이조절 베이직테이블 900,152167524,"2,120",0,"25,740",쿠팡,밥상/테이블,True
203,//thumbnail10.coupangcdn.com/thumbnails/remote/230x230ex/image/retail/images/252980813080331-5d3a690c-235b-4ee1-aac8-0c14a13100dc.jpg,https://www.coupang.com/vp/products/5673796?itemId=25741551&vendorItemId=3040069818&q=%EC%8A%A4%ED%88%B4&itemsCount=36&searchId=923f7743650440b8afb2e98f81c7eeba&rank=7&isAddedCart=,페어프랜즈 고무나무 홈바 의자 중형,5673796,"1,963",0,"17,720",쿠팡,스툴,True
203,//thumbnail8.coupangcdn.com/thumbnails/remote/230x230ex/image/retail/images/259955952097370-2a3de542-9356-4a60-9ee1-bed7910a9cf5.jpg,https://www.coupang.com/vp/products/202239075?itemId=591303244&vendorItemId=4654041540&q=%EC%8A%A4%ED%88%B4&itemsCount=36&searchId=923f7743650440b8afb2e98f81c7eeba&rank=11&isAddedCart=,오에이데스크 사각원목스툴벤치 560,202239075,221,0,"20,310",쿠팡,스툴,True
301,//thumbnail7.coupangcdn.com/thumbnails/remote/230x230ex/image/retail/images/1209567186283903-1f014296-e22c-4393-b4d8-1e4ff53fb3b1.jpg,https://www.coupang.com/vp/products/2374667819?itemId=4136523948&vendorItemId=72120436423&q=%EC%88%98%EB%82%A9%EC%9E%A5&itemsCount=36&searchId=c239ce0a662940edb73a33a2d0bf7bf4&rank=1&isAddedCart=,코멧 5단 라탄 서랍장,2374667819,"2,501",0,"29,170",쿠팡,서랍장,True
203,//thumbnail8.coupangcdn.com/thumbnails/remote/230x230ex/image/retail/images/2020/04/10/19/4/27311ac7-9b4b-4d64-88cc-33b0239fd2d2.jpg,https://www.coupang.com/vp/products/1487910358?itemId=2554549361&vendorItemId=70547082190&q=%EC%8A%A4%ED%88%B4&itemsCount=36&searchId=923f7743650440b8afb2e98f81c7eeba&rank=3&isAddedCart=,가팡 원목 화장대의자,1487910358,76,0,"13,900",쿠팡,스툴,True
302,//thumbnail7.coupangcdn.com/thumbnails/remote/230x230ex/image/product/image/vendoritem/2019/10/30/4489318816/543f524f-aacd-4b0c-9203-dacd0a5d62b8.jpg,https://www.coupang.com/vp/products/1130561907?itemId=567371884&vendorItemId=4489318816&q=%EC%84%A0%EB%B0%98&itemsCount=36&searchId=dd709a8a886a4d2ca0e09e3530891b22&rank=1&isAddedCart=,코멧 메탈 선반 5단 740 x 340 x 1500mm,1130561907,"3,591",0,"30,060",쿠팡,선반,True
302,//thumbnail9.coupangcdn.com/thumbnails/remote/230x230ex/image/retail/images/2471237893395-1d3c0acd-ea67-4954-a908-13a61de4ea5c.jpg,https://www.coupang.com/vp/products/1848066314?itemId=3141420396&vendorItemId=71129049207&q=%EC%84%A0%EB%B0%98&itemsCount=36&searchId=dd709a8a886a4d2ca0e09e3530891b22&rank=6&isAddedCart=,코멧 4단 책장선반,1848066314,"1,477",0,"25,620",쿠팡,선반,True
303,//thumbnail9.coupangcdn.com/thumbnails/remote/230x230ex/image/product/image/vendoritem/2019/04/04/3122673438/c6d1ddc8-2564-4c7c-950c-7a724dead090.jpg,https://www.coupang.com/vp/products/18446749?itemId=74159292&vendorItemId=3122673438&q=%EB%A0%8C%EC%A7%80%EB%8C%80&itemsCount=36&searchId=8c1c3a2672244015a53e52373584830b&rank=27&isAddedCart=,룸앤홈 스마트 조립식 렌지대 3단,18446749,"1,575",0,"39,900",쿠팡,렌지대,True
302,//thumbnail10.coupangcdn.com/thumbnails/remote/230x230ex/image/product/image/vendoritem/2019/04/05/3522104290/16d1c105-85e7-4bf8-8c45-7ad02adf2b5b.jpg,https://www.coupang.com/vp/products/18579214?itemId=216474546&vendorItemId=3522104290&q=%EC%84%A0%EB%B0%98&itemsCount=36&searchId=dd709a8a886a4d2ca0e09e3530891b22&rank=11&isAddedCart=,룸앤홈 조립식 3단 진열장,18579214,"4,730",0,"31,400",쿠팡,선반,True
303,//thumbnail9.coupangcdn.com/thumbnails/remote/230x230ex/image/vendor_inventory/0bf1/374e50f248499898e6234a2667a5bd9a842804a8add45b155f505fbb4d7a.jpg,https://www.coupang.com/vp/products/1691529428?itemId=2880125597&vendorItemId=70869242154&q=%EB%A0%8C%EC%A7%80%EB%8C%80&itemsCount=36&searchId=8c1c3a2672244015a53e52373584830b&rank=6&isAddedCart=,국내제작 튼튼한 조립식 슬라이드형-3단/4단 [렌지대 다이 전자렌지수납장],1691529428,578,0,"36,900",쿠팡,렌지대,True
301,//thumbnail7.coupangcdn.com/thumbnails/remote/230x230ex/image/product/image/vendoritem/2019/06/26/3790536646/0f3c8707-c7c8-4e7c-8d17-e8f98c557181.jpg,https://www.coupang.com/vp/products/106805906?itemId=322884969&vendorItemId=3790536646&pickType=COU_PICK&q=%EC%88%98%EB%82%A9%EC%9E%A5&itemsCount=36&searchId=c239ce0a662940edb73a33a2d0bf7bf4&rank=2&isAddedCart=,샤바스 컬러스토리 서랍장 600 와이드 4단,106805906,"3,845",0,"59,900",쿠팡,서랍장,True
303,//thumbnail9.coupangcdn.com/thumbnails/remote/230x230ex/image/vendor_inventory/images/2019/03/12/23/1/a4b90291-d0cf-4074-96be-f1c4a95453df.jpg,https://www.coupang.com/vp/products/197300156?itemId=568856447&vendorItemId=4492949176&q=%EB%A0%8C%EC%A7%80%EB%8C%80&itemsCount=36&searchId=8c1c3a2672244015a53e52373584830b&rank=26&isAddedCart=,퍼니아트 레이첼 렌지대,197300156,211,0,"59,800",쿠팡,렌지대,True
30401,//thumbnail10.coupangcdn.com/thumbnails/remote/230x230ex/image/vendor_inventory/1a4b/2c1dc5ba7e7d98501fe7b484e9bec365a72546dc29e602d5a4e3746e7dd2.jpg,https://www.coupang.com/vp/products/209894026?itemId=2327722185&vendorItemId=70324305620&q=%EC%98%B7%EC%9E%A5&itemsCount=36&searchId=d7f8c5eb013d425da24b8f45fc3756f3&rank=9&isAddedCart=,솜씨방가구 비올라1600옷장세트 긴문장1+투서랍장1,209894026,73,0,"165,000",쿠팡,옷장,True
30401,//thumbnail9.coupangcdn.com/thumbnails/remote/230x230ex/image/vendor_inventory/images/2018/05/04/14/5/508d89da-8695-42ed-ad1f-61c76e781491.jpg,https://www.coupang.com/vp/products/88907019?itemId=277933076&vendorItemId=3675400801&q=%EC%98%B7%EC%9E%A5&itemsCount=36&searchId=d7f8c5eb013d425da24b8f45fc3756f3&rank=10&isAddedCart=,케이컴퍼니 이음1600장롱세트CD(3서랍옷장+긴문장) 장롱세트,88907019,248,0,"150,000",쿠팡,옷장,True
303,//thumbnail7.coupangcdn.com/thumbnails/remote/230x230ex/image/retail/images/2020/04/10/10/6/c4911c80-0592-48ef-b8ce-e3c22cdc5c45.jpg,https://www.coupang.com/vp/products/18446751?itemId=2493879849&vendorItemId=70487063667&pickType=COU_PICK&q=%EB%A0%8C%EC%A7%80%EB%8C%80&itemsCount=36&searchId=8c1c3a2672244015a53e52373584830b&rank=1&isAddedCart=,룸앤홈 스마트 조립식 렌지대 4단,18446751,"2,858",0,"49,200",쿠팡,렌지대,True
30401,//thumbnail7.coupangcdn.com/thumbnails/remote/230x230ex/image/vendor_inventory/edb2/8173e63d39eac5c55279acb852976f731b36bed984a88bb83b9dc82a94bc.jpg,https://www.coupang.com/vp/products/93560993?itemId=289978244&vendorItemId=3005058728&q=%EC%98%B7%EC%9E%A5&itemsCount=36&searchId=d7f8c5eb013d425da24b8f45fc3756f3&rank=21&isAddedCart=,동서가구 하임 1600옷장세트,93560993,151,0,"248,000",쿠팡,옷장,True
30401,//thumbnail10.coupangcdn.com/thumbnails/remote/230x230ex/image/vendor_inventory/b8dc/63ed85ab1bc96d2b51739ffbdbce4e3eae0a0f0af70ee5d3d21e85ba5c95.jpg,https://www.coupang.com/vp/products/254857042?itemId=800054395&vendorItemId=5032723730&q=%EC%98%B7%EC%9E%A5&itemsCount=36&searchId=d7f8c5eb013d425da24b8f45fc3756f3&rank=31&isAddedCart=,뉴그린퍼니처 밀라노 이불옷장 장롱,254857042,6,0,"107,000",쿠팡,옷장,True
30402,//thumbnail7.coupangcdn.com/thumbnails/remote/230x230ex/image/retail/images/1990358761032306-6c48c203-77a8-4da1-8233-75179de368ac.png,https://www.coupang.com/vp/products/5257527?itemId=23831452&vendorItemId=3012791113&q=%ED%96%89%EA%B1%B0&itemsCount=36&searchId=71fa9c394e144853805ac957023603b7&rank=2&isAddedCart=,영일에이치비 넘버원 선반형 이동식 행거,5257527,"8,339",0,"19,800",쿠팡,행거,True
30402,//thumbnail7.coupangcdn.com/thumbnails/remote/230x230ex/image/retail/images/76384425963342-0c965364-514b-4e93-9268-ca5d5b2ad1a0.jpg,https://www.coupang.com/vp/products/22443536?itemId=87135934&vendorItemId=71054475043&q=%ED%96%89%EA%B1%B0&itemsCount=36&searchId=71fa9c394e144853805ac957023603b7&rank=10&isAddedCart=,아이리스 프리미엄 모던 선반 스탠드 행거 PI-B3,22443536,"2,105",0,"64,900",쿠팡,행거,True
30402,//thumbnail9.coupangcdn.com/thumbnails/remote/230x230ex/image/retail/images/2017/01/12/17/0/aa55afad-9e38-4763-b620-9ca57c84a9bf.jpg,https://www.coupang.com/vp/products/13294220?itemId=55539441&vendorItemId=3087127702&q=%ED%96%89%EA%B1%B0&itemsCount=36&searchId=71fa9c394e144853805ac957023603b7&rank=11&isAddedCart=,트레벨 수납 1단 사다리 고정행거 9009,13294220,"9,192",0,"12,900",쿠팡,행거,True
401,//thumbnail7.coupangcdn.com/thumbnails/remote/230x230ex/image/retail/images/143627044083785-a51448d0-02b5-4ecc-8ffb-05e616e73f13.jpg,https://www.coupang.com/vp/products/1449236007?itemId=2496139554&vendorItemId=70489297626&q=%EC%B1%85%EC%83%81&itemsCount=36&searchId=3511d5a954294c07a1ee9f8e163b749e&rank=16&isAddedCart=,스칸디나 멀티테이블 800,1449236007,"1,575",0,"29,900",쿠팡,책상,True
30402,//thumbnail10.coupangcdn.com/thumbnails/remote/230x230ex/image/retail/images/2019/07/16/1/9/03fad8cd-5fdc-49fa-97ad-29ab7e94aca2.jpg,https://www.coupang.com/vp/products/261421309?itemId=817429026&vendorItemId=5079378033&q=%ED%96%89%EA%B1%B0&itemsCount=36&searchId=71fa9c394e144853805ac957023603b7&rank=6&isAddedCart=,트레벨 그란데 더블스탠드 행거,261421309,"2,562",0,"23,600",쿠팡,행거,True
30401,//thumbnail8.coupangcdn.com/thumbnails/remote/230x230ex/image/vendor_inventory/4dd8/a5b797cacc3bb2d8857d8872e70e4534624ebd2439546d9aced56e94e2b2.jpg,https://www.coupang.com/vp/products/1504964998?itemId=2583853941&vendorItemId=70576065611&q=%EC%98%B7%EC%9E%A5&itemsCount=36&searchId=d7f8c5eb013d425da24b8f45fc3756f3&rank=34&isAddedCart=,[삼익가구]디레브 슬라이딩 옷장 A세트(행거형+선반형),1504964998,32,0,"279,000",쿠팡,옷장,True
401,//thumbnail6.coupangcdn.com/thumbnails/remote/230x230ex/image/retail/images/2016/11/21/16/3/b1d23d00-2933-4016-bf46-8d0e18209031.jpg,https://www.coupang.com/vp/products/1752907?itemId=43380755&vendorItemId=3067817157&q=%EC%B1%85%EC%83%81&itemsCount=36&searchId=3511d5a954294c07a1ee9f8e163b749e&rank=28&isAddedCart=,소프시스 시그마책상 1050,1752907,702,0,"50,920",쿠팡,책상,True
401,//thumbnail9.coupangcdn.com/thumbnails/remote/230x230ex/image/retail/images/2017/08/01/17/0/30b62aca-46d0-46dd-85c8-58c64c85df0f.jpg,https://www.coupang.com/vp/products/29584675?itemId=113173290&vendorItemId=3223113253&q=%EC%B1%85%EC%83%81&itemsCount=36&searchId=3511d5a954294c07a1ee9f8e163b749e&rank=2&isAddedCart=,베스트리빙 베이직 멀티 H형 1200 철제 책상세트,29584675,"2,143",0,"45,900",쿠팡,책상,True
401,//thumbnail6.coupangcdn.com/thumbnails/remote/230x230ex/image/retail/images/2019/11/25/11/2/c520c05e-e66b-437f-8996-286273b7fe20.jpg,https://www.coupang.com/vp/products/344637373?itemId=1094772782&vendorItemId=5613576142&q=%EC%B1%85%EC%83%81&itemsCount=36&searchId=3511d5a954294c07a1ee9f8e163b749e&rank=32&isAddedCart=,블루밍홈 베이직 수납형 컴퓨터 책상,344637373,730,0,"41,910",쿠팡,책상,True
40201,//thumbnail6.coupangcdn.com/thumbnails/remote/230x230ex/image/product/image/vendoritem/2018/10/16/3016767184/c5e1b10a-bfc9-4777-95ae-311058284c0b.jpg,https://www.coupang.com/vp/products/2420327?itemId=11141266&vendorItemId=3016767184&q=%EC%B1%85%EC%83%81+%EC%9D%98%EC%9E%90&itemsCount=36&searchId=553206d3ff194af2b18cc3aa50210a0b&rank=1&isAddedCart=,체어클럽 M1 기본형 블랙바디 메쉬 의자,2420327,"9,721",0,"40,900",쿠팡,책상의자,True
40201,//thumbnail7.coupangcdn.com/thumbnails/remote/230x230ex/image/product/image/vendoritem/2016/11/09/3015113822/26322b2f-3554-4d1d-9985-b44011bb6f33.jpg,https://www.coupang.com/vp/products/2248379?itemId=10262817&vendorItemId=3015113822&q=%EC%B1%85%EC%83%81+%EC%9D%98%EC%9E%90&itemsCount=36&searchId=553206d3ff194af2b18cc3aa50210a0b&rank=2&isAddedCart=,체어클럽 에코듀얼S7 요추헤더형 화이트바디 의자,2248379,"3,686",0,"59,900",쿠팡,책상의자,True
40201,//thumbnail10.coupangcdn.com/thumbnails/remote/230x230ex/image/product/image/vendoritem/2019/09/17/3566169744/5306baa3-26c0-4f88-94be-c3d197ceed94.jpg,https://www.coupang.com/vp/products/69284028?itemId=231962064&vendorItemId=3566169744&q=%EC%B1%85%EC%83%81+%EC%9D%98%EC%9E%90&itemsCount=36&searchId=553206d3ff194af2b18cc3aa50210a0b&rank=6&isAddedCart=,체어클럽 터치백 고급패브릭 화이트바디 의자,69284028,"1,128",0,"61,000",쿠팡,책상의자,True
40202,//thumbnail6.coupangcdn.com/thumbnails/remote/230x230ex/image/retail/images/2019/05/22/17/2/1293b5ad-6c87-457e-a386-d64d52ad555c.jpg,https://www.coupang.com/vp/products/226261343?itemId=716831728&vendorItemId=5367565850&q=%EB%94%94%EC%9E%90%EC%9D%B8+%EC%9D%98%EC%9E%90&itemsCount=36&searchId=a2b2423501df4fcabb17d81e16d46f50&rank=7&isAddedCart=,한샘 폴리 체어,226261343,203,0,"35,700",쿠팡,인테리어의자,True
40202,//thumbnail7.coupangcdn.com/thumbnails/remote/230x230ex/image/rs_quotation_api/dlcubvzd/a2a717ac24294b998337ec38a7ecb8bf.jpg,https://www.coupang.com/vp/products/4540929877?itemId=5495864586&vendorItemId=72795503157&pickType=COU_PICK&q=%EB%94%94%EC%9E%90%EC%9D%B8+%EC%9D%98%EC%9E%90&itemsCount=36&searchId=a2b2423501df4fcabb17d81e16d46f50&rank=12&isAddedCart=,영가구 무팔 디자인 의자 2p,4540929877,7,0,"85,000",쿠팡,인테리어의자,True
40202,//thumbnail9.coupangcdn.com/thumbnails/remote/230x230ex/image/retail/images/89817878631397-e5ae51d2-1f41-4e57-a133-71453a2dfa45.jpg,https://www.coupang.com/vp/products/146708439?itemId=424836394&vendorItemId=4045692573&q=%EB%94%94%EC%9E%90%EC%9D%B8+%EC%9D%98%EC%9E%90&itemsCount=36&searchId=a2b2423501df4fcabb17d81e16d46f50&rank=2&isAddedCart=,오에이데스크 아트 체어 2개 세트,146708439,328,0,"61,760",쿠팡,인테리어의자,True
403,//thumbnail9.coupangcdn.com/thumbnails/remote/230x230ex/image/retail/images/29975397518827-b08878df-59b2-4ee1-931f-89f167cc05e5.jpg,https://www.coupang.com/vp/products/1848066314?itemId=3642954914&vendorItemId=71628475748&q=%EC%B1%85%EC%9E%A5&itemsCount=36&searchId=ffaf129b879448058dc3268721a0f257&rank=7&isAddedCart=,코멧 4단 책장선반,1848066314,"1,477",0,"25,620",쿠팡,책장,True
40202,//thumbnail9.coupangcdn.com/thumbnails/remote/230x230ex/image/retail/images/2020/07/27/14/8/bb374d3a-2d34-4539-8971-911d6382195d.jpg,https://www.coupang.com/vp/products/1885492389?itemId=3203916933&vendorItemId=71191289233&q=%EB%94%94%EC%9E%90%EC%9D%B8+%EC%9D%98%EC%9E%90&itemsCount=36&searchId=9422cc458b694eecbc35361dfc8a8266&rank=31&isAddedCart=,생활지음 루미 우드 의자 SSLM34W,1885492389,176,0,"28,000",쿠팡,인테리어의자,True
403,//thumbnail7.coupangcdn.com/thumbnails/remote/230x230ex/image/product/image/vendoritem/2019/02/22/3083510489/424898f5-399e-4973-9219-7998a78f3389.jpg,https://www.coupang.com/vp/products/82260201?itemId=261619474&vendorItemId=3083510489&pickType=COU_PICK&q=%EC%B1%85%EC%9E%A5&itemsCount=36&searchId=ffaf129b879448058dc3268721a0f257&rank=1&isAddedCart=,소프시스 스택 5단 책장,82260201,"2,316",0,"58,900",쿠팡,책장,True
403,//thumbnail6.coupangcdn.com/thumbnails/remote/230x230ex/image/retail/images/251171265590795-9d47c485-c1e3-4362-9452-3cf076d2c6e2.jpg,https://www.coupang.com/vp/products/29824374?itemId=114004307&vendorItemId=3225985499&q=%EC%B1%85%EC%9E%A5&itemsCount=36&searchId=ffaf129b879448058dc3268721a0f257&rank=11&isAddedCart=,블루밍홈 테스책장 4단,29824374,"2,824",0,"25,700",쿠팡,책장,True
403,//thumbnail6.coupangcdn.com/thumbnails/remote/230x230ex/image/retail/images/2016/11/21/16/2/65a09da9-7d7b-46f2-99e1-942d5e977038.jpg,https://www.coupang.com/vp/products/9807740?itemId=43380762&vendorItemId=3067817150&q=%EB%B6%81%EC%84%A0%EB%B0%98&itemsCount=36&searchId=8148950d02f646c48511ad1325a9ec05&rank=1&isAddedCart=,소프시스 위더스 트리원 스탠드선반 6단,9807740,689,0,"38,600",쿠팡,책장,True
8101,//thumbnail8.coupangcdn.com/thumbnails/remote/230x230ex/image/vendor_inventory/50f1/ab4c237886e839bbf19bcc6556cddfcb5a2c785e4e0e3aea6df2f1ca176b.jpg,https://www.coupang.com/vp/products/4355353090?itemId=5115449207&vendorItemId=72424956736&q=%EC%9B%90%EB%A3%B8+%ED%99%88%EC%B9%B4%ED%8E%98+%ED%85%8C%EC%9D%B4%EB%B8%94&itemsCount=36&searchId=5037dce5f3864686b75b0d12e8776bf1&rank=3&isAddedCart=,라움 퓨어 반타원 세라믹 식탁 반타원 홈카페테이블,4355353090,1,0,,쿠팡,카페감성테이블,True
8101,//thumbnail10.coupangcdn.com/thumbnails/remote/230x230ex/image/vendor_inventory/images/2018/02/09/9/1/daac6f20-9d0f-4409-b680-4cd484da34fa.jpg,https://www.coupang.com/vp/products/47755118?itemId=169095909&vendorItemId=3402042097&q=%EC%9B%90%EB%A3%B8+%ED%85%8C%EC%9D%B4%EB%B8%94+%EC%B9%B4%ED%8E%98&itemsCount=36&searchId=1d09cb62929f462fbfe13056ed338237&rank=1&isAddedCart=,[우드공간] 카페 테이블,47755118,72,0,"54,900",쿠팡,카페감성테이블,True
8101,//thumbnail9.coupangcdn.com/thumbnails/remote/230x230ex/image/retail/images/2019/02/18/14/3/e9885a79-7e6a-4244-b1c6-4327d5f2b86d.jpg,https://www.coupang.com/vp/products/187613533?itemId=536196940&vendorItemId=4399396278&q=%EC%9B%90%EB%A3%B8+%ED%85%8C%EC%9D%B4%EB%B8%94&itemsCount=36&searchId=b379ccdeaeae4245b4cdd1053727c88e&rank=3&isAddedCart=,트리팜 LPM 높이조절 접이식 테이블 중 600,187613533,167,0,"17,570",쿠팡,카페감성테이블,True
8101,//thumbnail6.coupangcdn.com/thumbnails/remote/230x230ex/image/vendor_inventory/images/2018/02/09/9/1/8594d312-274f-4912-bf58-73897fca85c3.jpg,https://www.coupang.com/vp/products/47755118?itemId=169095912&vendorItemId=3402042154&q=%EC%9B%90%EB%A3%B8+%ED%85%8C%EC%9D%B4%EB%B8%94+%EC%B9%B4%ED%8E%98&itemsCount=36&searchId=1d09cb62929f462fbfe13056ed338237&rank=9&isAddedCart=,[우드공간] 카페 테이블,47755118,72,0,"49,800",쿠팡,카페감성테이블,True
8101,//thumbnail7.coupangcdn.com/thumbnails/remote/230x230ex/image/vendor_inventory/d6b7/40d789f712da530f87093e5741d7db3afbc851e6f5bd7cbf43f2caf73d24.jpg,https://www.coupang.com/vp/products/323920242?itemId=1037138285&vendorItemId=5491544786&q=%EC%9B%90%EB%A3%B8+%ED%85%8C%EC%9D%B4%EB%B8%94+%EC%B9%B4%ED%8E%98&itemsCount=36&searchId=1d09cb62929f462fbfe13056ed338237&rank=18&isAddedCart=,지오리빙 접이식 플라스틱 테이블,323920242,109,0,"26,900",쿠팡,카페감성테이블,True
8102,//thumbnail8.coupangcdn.com/thumbnails/remote/230x230ex/image/retail/images/2020/07/01/18/6/bc15f2b8-c729-4269-b0d0-917deffc96f6.jpg,https://www.coupang.com/vp/products/1772301165?itemId=3017735507&vendorItemId=71005901968&q=%EC%9C%A0%EB%A6%AC%EC%9E%94&itemsCount=36&searchId=e9fdd6a3f6ac43f497687883ab8b9bf3&rank=24&isAddedCart=,로마네 도낫도낫 글라스컵 350ml,1772301165,29,0,"9,630",쿠팡,갬성돋는컵/잔,True
8102,//thumbnail9.coupangcdn.com/thumbnails/remote/230x230ex/image/vendor_inventory/1a82/71ee4f2312ad225b0bc897bd5fcd457d657ffe8dfa8a78b089fdf41d85c7.jpg,https://www.coupang.com/vp/products/1761117137?itemId=2999495243&vendorItemId=70987750128&q=%ED%99%88%EC%B9%B4%ED%8E%98+%EC%9C%A0%EB%A6%AC%EC%9E%94&itemsCount=36&searchId=fd361aff05494f19a2b9de082cc386d7&rank=2&isAddedCart=,밀키 내열유리 홈카페 유리컵 330ml 500ml 택1종,1761117137,44,0,"6,900",쿠팡,갬성돋는컵/잔,True
8101,//thumbnail9.coupangcdn.com/thumbnails/remote/230x230ex/image/retail/images/2019/02/18/14/6/3eac68e5-1e88-40b9-9302-f17a5fedfcc4.jpg,https://www.coupang.com/vp/products/187613565?itemId=536197020&vendorItemId=4399396385&q=%EC%9B%90%EB%A3%B8+%ED%85%8C%EC%9D%B4%EB%B8%94&itemsCount=36&searchId=b379ccdeaeae4245b4cdd1053727c88e&rank=2&isAddedCart=,트리팜 LPM 높이조절 럭셔리 땅콩 접이식 테이블 1000,187613565,116,0,"32,280",쿠팡,카페감성테이블,True
8102,//thumbnail8.coupangcdn.com/thumbnails/remote/230x230ex/image/vendor_inventory/e57e/65ab72d8d7219cdca76902fc50e08eca4102cf9dd42f3fe7fce305d33225.jpg,https://www.coupang.com/vp/products/1380882991?itemId=2415284167&vendorItemId=70409626465&q=%ED%99%88%EC%B9%B4%ED%8E%98+%EC%BB%A4%ED%94%BC%EC%9E%94&itemsCount=36&searchId=424755cd5f08483cb495c4cdd2732822&rank=11&isAddedCart=,단지 손잡이 내열유리컵 480ml 650ml 택1p,1380882991,60,0,"6,300",쿠팡,갬성돋는컵/잔,True
8102,//thumbnail9.coupangcdn.com/thumbnails/remote/230x230ex/image/retail/images/2019/07/17/13/3/9fcb9ddf-8a07-4dc6-9610-5ee1c1021d5d.jpg,https://www.coupang.com/vp/products/262110104?itemId=820608521&vendorItemId=5086933718&pickType=COU_PICK&q=%ED%99%88%EC%B9%B4%ED%8E%98+%EB%A8%B8%EA%B7%B8%EC%BB%B5&itemsCount=36&searchId=1f76d1310bee4d4b94034d46df08d515&rank=1&isAddedCart=,한국도자기 코지블루 머그세트 2p,262110104,186,0,"25,000",쿠팡,갬성돋는컵/잔,True
8102,//thumbnail8.coupangcdn.com/thumbnails/remote/230x230ex/image/vendor_inventory/2da7/fcd00c05bde392aaf8965a9e31883fadf2834e7500d8b4236555e5c1b567.jpg,https://www.coupang.com/vp/products/4848178682?itemId=6273175262&vendorItemId=73568790246&q=%ED%99%88%EC%B9%B4%ED%8E%98+%EB%A8%B8%EA%B7%B8%EC%BB%B5&itemsCount=36&searchId=1f76d1310bee4d4b94034d46df08d515&rank=2&isAddedCart=,투명 버츄오잔 내열 유리 머그컵 라떼컵 500ml,4848178682,15,0,"5,900",쿠팡,갬성돋는컵/잔,True
8102,//thumbnail6.coupangcdn.com/thumbnails/remote/230x230ex/image/retail/images/257483535171239-a90df6c1-9ce4-4219-ba55-816e854b527f.jpg,https://www.coupang.com/vp/products/167374397?itemId=479265864&vendorItemId=4263681148&q=%EC%BB%A4%ED%94%BC%EC%9E%94&itemsCount=36&searchId=60003461a7364b1dbb9ddb2031dc04b0&rank=6&isAddedCart=,쓰임 마리벨 골드 커피잔 1인조 세트,167374397,131,0,"14,900",쿠팡,갬성돋는컵/잔,True
8102,//thumbnail9.coupangcdn.com/thumbnails/remote/230x230ex/image/retail/images/71163020547613-38813aa7-0ad9-45a7-a886-7d8ac668fce5.jpg,https://www.coupang.com/vp/products/1637923837?itemId=2793337727&vendorItemId=70783036201&q=%EC%95%84%EC%9D%B4%EC%8A%A4%EC%BB%A4%ED%94%BC%EC%9E%94&itemsCount=36&searchId=656055647d984a749766ce3e3ebc69ec&rank=16&isAddedCart=,데코뷰 레트로 플라워 라인 유리컵 202ml x 3종,1637923837,123,0,"19,270",쿠팡,갬성돋는컵/잔,True
8103,//thumbnail10.coupangcdn.com/thumbnails/remote/230x230ex/image/vendor_inventory/c339/275972b99d0df7a7c94f8c678c72f31185c5b59fab433469cc4943a27bfd.jpg,https://www.coupang.com/vp/products/4315395840?itemId=5013924433&vendorItemId=72323750008&q=%ED%99%88%EC%B9%B4%ED%8E%98+%EA%B7%B8%EB%A6%87&itemsCount=36&searchId=a487bc2d08844f57ba1539014a54f58d&rank=6&isAddedCart=,빈티지레이스 엣지 디저트접시 카페플레이트,4315395840,9,0,"9,000",쿠팡,포인트그릇/식기,True
8102,//thumbnail9.coupangcdn.com/thumbnails/remote/230x230ex/image/retail/images/258943762673946-130acce0-4de8-4744-a3fa-dac7435e8d02.jpg,https://www.coupang.com/vp/products/23739591?itemId=92489849&vendorItemId=3161880581&q=%EC%BB%A4%ED%94%BC%EC%9E%94&itemsCount=36&searchId=60003461a7364b1dbb9ddb2031dc04b0&rank=11&isAddedCart=,벨루즈까사 엘레강스골드 본차이나 2인조 커피잔세트,23739591,328,0,"23,000",쿠팡,갬성돋는컵/잔,True
8103,//thumbnail9.coupangcdn.com/thumbnails/remote/230x230ex/image/retail/images/2020/06/23/8/6/b02e6e7b-89ba-404e-af00-b38c848252d3.jpg,https://www.coupang.com/vp/products/331032026?itemId=1057797329&vendorItemId=70942559855&q=%ED%99%88%EC%B9%B4%ED%8E%98+%EA%B7%B8%EB%A6%87&itemsCount=36&searchId=a487bc2d08844f57ba1539014a54f58d&rank=9&isAddedCart=,감성 월계수 카페 플레이트 패턴 접시,331032026,70,0,"10,500",쿠팡,포인트그릇/식기,True
8103,//thumbnail9.coupangcdn.com/thumbnails/remote/230x230ex/image/retail/images/2019/08/19/17/1/0d5da157-5040-47d6-a543-88c0f5ca9115.jpg,https://www.coupang.com/vp/products/4854841316?itemId=6289716631&vendorItemId=74422849687&q=%ED%99%88%EC%B9%B4%ED%8E%98+%EC%BB%A4%ED%8A%B8%EB%9F%AC%EB%A6%AC&itemsCount=36&searchId=fd6aad7c6f80454e9089d0bd5114dd96&rank=3&isAddedCart=,에델코첸 세인트토마스 커트러리 4인세트 16p,4854841316,81,0,"75,000",쿠팡,포인트그릇/식기,True
8103,//thumbnail9.coupangcdn.com/thumbnails/remote/230x230ex/image/retail/images/2020/04/29/17/4/6bc4fed4-e102-4d49-aa1c-e49f2f6b1318.jpg,https://www.coupang.com/vp/products/1550908327?itemId=2653757958&vendorItemId=70644519271&pickType=COU_PICK&q=%ED%99%88%EC%B9%B4%ED%8E%98+%EB%8F%84%EB%A7%88&itemsCount=36&searchId=fea41d5dfe87402b9d152eee292d824e&rank=2&isAddedCart=,모노먼트 아카시아 손잡이 도마 직사각,1550908327,19,0,"17,900",쿠팡,포인트그릇/식기,True
8103,//thumbnail10.coupangcdn.com/thumbnails/remote/230x230ex/image/product/image/vendoritem/2016/03/29/3012563933/44515174-5f4a-482e-a434-5fc9b21774b5.jpg,https://www.coupang.com/vp/products/57798261?itemId=200418985&vendorItemId=3476110287&sourceType=SDP_BOUGHT_TOGETHER&isAddedCart=,아카시아 우드 윈저 도마,57798261,687,0,"5,680",쿠팡,포인트그릇/식기,True
8103,//thumbnail8.coupangcdn.com/thumbnails/remote/230x230ex/image/retail/images/15694417305281-cf6f2919-88d1-42c0-936f-cea9a69bda38.jpg,https://www.coupang.com/vp/products/338619047?itemId=1079035468&vendorItemId=5578378009&q=%ED%99%88%EC%B9%B4%ED%8E%98+%EA%B7%B8%EB%A6%87&itemsCount=36&searchId=a487bc2d08844f57ba1539014a54f58d&rank=1&isAddedCart=,에라토 블루밍 디저트 접시,338619047,75,0,"9,670",쿠팡,포인트그릇/식기,True
8103,//thumbnail9.coupangcdn.com/thumbnails/remote/230x230ex/image/retail/images/3615794918005-310ce04f-58cb-4ddc-88db-d72e55b171f8.jpg,https://www.coupang.com/vp/products/315840077?itemId=1004168833&vendorItemId=5433848011&q=%ED%99%88%EC%B9%B4%ED%8E%98+%EA%B7%B8%EB%A6%87&itemsCount=36&searchId=a487bc2d08844f57ba1539014a54f58d&rank=2&isAddedCart=,니코트 gold crystal 플레이트,315840077,28,0,"10,760",쿠팡,포인트그릇/식기,True
8103,//thumbnail6.coupangcdn.com/thumbnails/remote/230x230ex/image/retail/images/1708905970398859-7f883959-d1e7-49b5-ac45-e085ebbdd545.jpg,https://www.coupang.com/vp/products/156521389?itemId=450696837&vendorItemId=4116337234&q=%ED%99%88%EC%B9%B4%ED%8E%98+%ED%8A%B8%EB%A0%88%EC%9D%B4&itemsCount=36&searchId=5d14856dd62e4d869daf1607f205ad4a&rank=1&isAddedCart=,바이굿즈 나무원목 사각손잡이 우드트레이 일반나무,156521389,271,0,"8,950",쿠팡,포인트그릇/식기,True
8104,//thumbnail10.coupangcdn.com/thumbnails/remote/230x230ex/image/vendor_inventory/d6a9/56f9cb93ad12417d311e414226fda18ab3956c480ac60e565ee06b05596d.jpg,https://www.coupang.com/vp/products/2012003384?itemId=3422667052&vendorItemId=74668277968&q=%ED%99%88%EC%B9%B4%ED%8E%98+%EC%8B%9D%ED%83%81%EB%B3%B4&itemsCount=36&searchId=7c23a895793f4cdd8f03d754c70ba4c2&rank=0&isAddedCart=,홈카페 B9 예쁜 4인식탁보 북유럽 레이스 테이블보 76x76,2012003384,28,0,"6,900",쿠팡,식탁보/테이블매트,True
8104,//thumbnail8.coupangcdn.com/thumbnails/remote/230x230ex/image/vendor_inventory/c53f/17724bd736749f3be758fd1fb9412a805b5851c55c1bd6be8b0b8a31aaeb.jpg,https://www.coupang.com/vp/products/1432595069?itemId=2474212164&vendorItemId=70790800447&q=%ED%99%88%EC%B9%B4%ED%8E%98+%ED%85%8C%EC%9D%B4%EB%B8%94%EB%A7%A4%ED%8A%B8&itemsCount=36&searchId=a4df55545aaa47e8a30be29809efddf7&rank=5&isAddedCart=,new원형느낌 프렌치 플라워자수 테이블매트,1432595069,65,0,"2,700",쿠팡,식탁보/테이블매트,True
8104,//thumbnail9.coupangcdn.com/thumbnails/remote/230x230ex/image/rs_quotation_api/uqq53ety/8736b7f0c6aa481089fe75ca0c84d0a8.jpg,https://www.coupang.com/vp/products/2150315806?itemId=3651751355&vendorItemId=74337289377&q=%EC%8B%9D%ED%83%81%EB%B3%B4&itemsCount=36&searchId=76ff4efe639149fb987740bcacb88343&rank=7&isAddedCart=,체크 방수식탁보,2150315806,97,0,"18,000",쿠팡,식탁보/테이블매트,True
8104,//thumbnail8.coupangcdn.com/thumbnails/remote/230x230ex/image/retail/images/2020/02/18/0/2/36d36b93-1d79-4ecb-81c4-8c5aaa78913a.jpg,https://www.coupang.com/vp/products/1288944380?itemId=2299508144&vendorItemId=70296455334&q=%ED%99%88%EC%B9%B4%ED%8E%98+%ED%85%8C%EC%9D%B4%EB%B8%94%EB%A7%A4%ED%8A%B8&itemsCount=36&searchId=a4df55545aaa47e8a30be29809efddf7&rank=8&isAddedCart=,케이트가든 꽃자수 레트로 테이블 매트 사이드플라워,1288944380,45,0,"5,800",쿠팡,식탁보/테이블매트,True
8104,//thumbnail7.coupangcdn.com/thumbnails/remote/230x230ex/image/retail/images/2020/03/27/15/2/34187528-104e-4998-84e7-a6236b3479eb.jpg,https://www.coupang.com/vp/products/1432522053?itemId=2474121367&vendorItemId=70467489531&q=%ED%99%88%EC%B9%B4%ED%8E%98+%ED%85%8C%EC%9D%B4%EB%B8%94%EB%A7%A4%ED%8A%B8&itemsCount=36&searchId=a4df55545aaa47e8a30be29809efddf7&rank=3&isAddedCart=,작은꾸밈 페르시안 코스터 컵받침 5종 세트,1432522053,15,0,"14,410",쿠팡,식탁보/테이블매트,True
8104,//thumbnail8.coupangcdn.com/thumbnails/remote/230x230ex/image/product/image/vendoritem/2019/04/23/3131266940/05b9cd7b-60b8-4782-adcd-248963cf9893.jpg,https://www.coupang.com/vp/products/19385695?itemId=77796912&vendorItemId=3131266940&q=%EC%8B%9D%ED%83%81%EB%B3%B4&itemsCount=36&searchId=76ff4efe639149fb987740bcacb88343&rank=1&isAddedCart=,아리코 북유럽 코튼 식탁보 4인,19385695,716,0,"9,900",쿠팡,식탁보/테이블매트,True
8104,//thumbnail8.coupangcdn.com/thumbnails/remote/230x230ex/image/retail/images/81615084023829-c92fcd56-2355-4b93-8457-d7780a6d6344.jpg,https://www.coupang.com/vp/products/224803288?itemId=708836914&vendorItemId=4801924205&q=%ED%85%8C%EC%9D%B4%EB%B8%94%EB%A7%A4%ED%8A%B8&itemsCount=36&searchId=e42a2b7730b343278b52504327301335&rank=13&isAddedCart=,모던감 북유럽 방수 가죽질감 식탁매트 4p,224803288,"1,049",0,"13,480",쿠팡,식탁보/테이블매트,True
8105,//thumbnail10.coupangcdn.com/thumbnails/remote/230x230ex/image/retail/images/616406895536769-db6adda5-df70-4ec5-8bd4-fcb9ae4fd563.png,https://www.coupang.com/vp/products/1947444077?itemId=3306694424&vendorItemId=71293600701&pickType=COU_PICK&q=%ED%99%88%EC%B9%B4%ED%8E%98+%EC%BB%A4%ED%94%BC%EB%A8%B8%EC%8B%A0&itemsCount=36&searchId=8e3be25196644c5593ff72670679b77c&rank=0&isAddedCart=,돌체구스토 지니오 S 베이직 캡슐커피머신 화이트,1947444077,610,0,"101,000",쿠팡,홈카페가전,True
8105,//thumbnail7.coupangcdn.com/thumbnails/remote/230x230ex/image/retail/images/15424057830898-bc98a9dc-910b-4719-8861-218fd6a0912d.jpg,https://www.coupang.com/vp/products/293422704?itemId=926413128&vendorItemId=5302207783&pickType=COU_PICK&q=%ED%86%A0%EC%8A%A4%ED%84%B0%EA%B8%B0&itemsCount=36&searchId=34ea0f3fd44748d98017c2855fe94bce&rank=2&isAddedCart=,테팔 솔레이 스타일리시 토스터기,293422704,"1,287",0,"29,800",쿠팡,홈카페가전,True
8105,//thumbnail10.coupangcdn.com/thumbnails/remote/230x230ex/image/retail/images/337376307739667-a7fd7540-6b62-4c1a-a9f3-9f17e59f8461.jpg,https://www.coupang.com/vp/products/323861393?itemId=1036907041&vendorItemId=74332489227&q=%ED%99%88%EC%B9%B4%ED%8E%98+%EC%BB%A4%ED%94%BC%EB%A8%B8%EC%8B%A0&itemsCount=36&searchId=8e3be25196644c5593ff72670679b77c&rank=4&isAddedCart=,필립스 2200 라떼클래식 전자동 에스프레소 머신,323861393,187,0,"679,000",쿠팡,홈카페가전,True
8105,//thumbnail8.coupangcdn.com/thumbnails/remote/230x230ex/image/retail/images/2019/08/30/13/9/fd3d160b-0e2f-48e6-b7a9-133b93e5d22e.jpg,https://www.coupang.com/vp/products/291674666?itemId=922560950&vendorItemId=5295456922&q=%ED%99%88%EC%B9%B4%ED%8E%98+%EC%BB%A4%ED%94%BC%EB%A8%B8%EC%8B%A0&itemsCount=36&searchId=8e3be25196644c5593ff72670679b77c&rank=2&isAddedCart=,네스카페 돌체구스토 피콜로 XS 캡슐커피머신,291674666,"1,188",0,"81,000",쿠팡,홈카페가전,True
8105,//thumbnail10.coupangcdn.com/thumbnails/remote/230x230ex/image/product/image/vendoritem/2018/10/12/3191354432/d607d78b-d747-4c90-84a1-27f2e859039b.jpg,https://www.coupang.com/vp/products/286139632?itemId=907371568&vendorItemId=3191354432&q=%ED%86%A0%EC%8A%A4%ED%84%B0%EA%B8%B0&itemsCount=36&searchId=34ea0f3fd44748d98017c2855fe94bce&rank=1&isAddedCart=,필립스 데일리 콜렉션 토스트기,286139632,"5,613",0,"26,050",쿠팡,홈카페가전,True
8105,//thumbnail8.coupangcdn.com/thumbnails/remote/230x230ex/image/retail/images/9212474486542-6f2fbba0-4c1a-4b67-b3e4-c511df5bd05e.jpg,https://www.coupang.com/vp/products/1182368806?itemId=2162633443&vendorItemId=70160835813&q=%EC%BB%A4%ED%94%BC%EB%A8%B8%EC%8B%A0&itemsCount=36&searchId=0580c98d1b404a0083c3ae97862bdf94&rank=7&isAddedCart=,맥널티 자동압력조절 에스프레소 커피머신,1182368806,217,0,"159,000",쿠팡,홈카페가전,True
8103,//thumbnail8.coupangcdn.com/thumbnails/remote/230x230ex/image/vendor_inventory/8d5b/cf17d505380fa58b0587bed4222b1dd6b9572e5f801c3f02d23068070309.JPG,https://www.coupang.com/vp/products/1537151236?itemId=2633913049&vendorItemId=70624793288&q=%ED%99%88%EC%B9%B4%ED%8E%98+%ED%8A%B8%EB%A0%88%EC%9D%B4&itemsCount=36&searchId=5d14856dd62e4d869daf1607f205ad4a&rank=18&isAddedCart=,하주글로벌 원형 반달 원목 우드 혼밥 트레이 카페 나무 쟁반,1537151236,50,0,"12,900",쿠팡,포인트그릇/식기,True
8104,//thumbnail9.coupangcdn.com/thumbnails/remote/230x230ex/image/retail/images/162558932221418-a50eae88-cc8c-4422-9922-a541c577cce6.jpg,https://www.coupang.com/vp/products/3437142?vendorItemId=3024206040&sourceType=SDP_ALSO_VIEWED&rmdId=0368246d728147728054a967f96a3bff&eventLabel=recommendation_widget_pc_sdp_001&platform=web&rmdABTestInfo=12574:B&rmdValue=p224803288:vt-1.0.0:p3437142&isAddedCart=,에이드엘 다이닝 실리콘 테이블매트,3437142,"1,320",0,"9,180",쿠팡,식탁보/테이블매트,True
8105,//thumbnail6.coupangcdn.com/thumbnails/remote/230x230ex/image/retail/images/2020/03/13/13/3/23819028-a77b-4380-93c2-b727fe61ffce.jpg,https://www.coupang.com/vp/products/1343598638?itemId=2371089730&vendorItemId=70367046153&q=%ED%99%88%EC%B9%B4%ED%8E%98+%EC%A0%84%EA%B8%B0%ED%8F%AC%ED%8A%B8&itemsCount=36&searchId=2590e9c2e975402caa20c46003cb57be&rank=2&isAddedCart=,레티 레트로 무선전기주전자 2.5L,1343598638,106,0,"35,190",쿠팡,홈카페가전,True
8201,//thumbnail6.coupangcdn.com/thumbnails/remote/230x230ex/image/vendor_inventory/2684/e33ee1b9289b1f4053997656ea2e5642a07a7a223120c6d1f5279d607429.jpg,https://www.coupang.com/vp/products/136081082?itemId=398936056&vendorItemId=3971986398&q=%EC%86%8C%ED%8C%8C%EB%B2%A0%EB%93%9C&itemsCount=36&searchId=2f5ef5c1d3074b8b8e88f640e74ef4f1&rank=9&isAddedCart=,위즈 2인 좌식소파베드(쿠션2개포함) SB151SC,136081082,474,0,"117,000",쿠팡,집콕모드가구,True
8105,//thumbnail10.coupangcdn.com/thumbnails/remote/230x230ex/image/retail/images/2017/04/12/10/6/0c79e2a6-36d9-4dce-97b8-6dc676a81a4c.jpg,https://www.coupang.com/vp/products/4389265769?itemId=5200010004&vendorItemId=3125456853&q=%EC%99%80%ED%94%8C%EA%B8%B0%EA%B3%84&itemsCount=36&searchId=af72a7c5f183467cbffcabefd67568ab&rank=1&isAddedCart=,대우 와플메이커 3 in 1 분리형,4389265769,"2,045",0,"24,840",쿠팡,홈카페가전,True
8105,//thumbnail6.coupangcdn.com/thumbnails/remote/230x230ex/image/retail/images/1746774290704902-f956833e-4ebf-4469-b822-5815f2f94aab.jpg,https://www.coupang.com/vp/products/4348762377?itemId=5099337927&vendorItemId=72408910592&q=%EC%99%80%ED%94%8C%EA%B8%B0%EA%B3%84&itemsCount=36&searchId=af72a7c5f183467cbffcabefd67568ab&rank=2&isAddedCart=,홈플래닛 2in1 샌드위치 와플 메이커,4348762377,"1,632",0,"24,030",쿠팡,홈카페가전,True
8201,//thumbnail10.coupangcdn.com/thumbnails/remote/230x230ex/image/retail/images/71116027734111-bdd76e61-09e9-444f-ab29-73b5d09020fc.jpg,https://www.coupang.com/vp/products/1829493909?itemId=3112224136&vendorItemId=71099969949&q=%EC%88%98%EB%82%A9%EC%B9%A8%EB%8C%80&itemsCount=36&searchId=a675cb23fc3145bcbc661786f5a5b941&rank=2&isAddedCart=,삼익가구 브린디 LED 빅서랍 4단 수납침대 + 매트리스 방문설치,1829493909,249,0,"477,100",쿠팡,집콕모드가구,True
8201,//thumbnail10.coupangcdn.com/thumbnails/remote/230x230ex/image/vendor_inventory/bf01/2f515559e40674eb1b4923b00271126c16cf7ed08b92a6f645c14df6ea55.jpg,https://www.coupang.com/vp/products/5227734096?itemId=7350337163&vendorItemId=74641529255&q=%EC%9B%90%EB%A3%B8+%EB%AA%A8%EC%85%98%EB%B2%A0%EB%93%9C&itemsCount=36&searchId=4f55bce33f994e6d85bd91fd40a16823&rank=6&isAddedCart=,아리아퍼니쳐 Stanford 수납형 슈퍼싱글 침대 평상형 계단식 침대(계단포함),5227734096,3,0,"344,900",쿠팡,집콕모드가구,True
8201,//thumbnail8.coupangcdn.com/thumbnails/remote/230x230ex/image/retail/images/2020/09/17/11/5/ed996730-3198-4bec-8fd7-f52c6b584a49.jpg,https://www.coupang.com/vp/products/32023744?itemId=120690575&vendorItemId=73608001717&q=%EC%86%8C%ED%8C%8C%EB%B2%A0%EB%93%9C&itemsCount=36&searchId=2f5ef5c1d3074b8b8e88f640e74ef4f1&rank=1&isAddedCart=,서광퍼니처 HR황토폼 4단 접이식매트리스 쇼파베드 180T 더블사이즈,32023744,295,0,"297,000",쿠팡,집콕모드가구,True
8201,//thumbnail9.coupangcdn.com/thumbnails/remote/230x230ex/image/vendor_inventory/044e/bd39427a7a69da397c76f1a7ceafb60cdf774b6cb1532c2fc530f8fd5e8a.jpg,https://www.coupang.com/vp/products/51417867?itemId=7537230885&vendorItemId=74827863281&q=%EC%9B%90%EB%A3%B8+%EB%AA%A8%EC%85%98%EB%B2%A0%EB%93%9C&itemsCount=36&searchId=4f55bce33f994e6d85bd91fd40a16823&rank=4&isAddedCart=,YK스토리 (책장형) 스마트 폴딩베드 월베드 슈퍼싱글침대 풀세트,51417867,48,0,"532,000",쿠팡,집콕모드가구,True
8201,//thumbnail7.coupangcdn.com/thumbnails/remote/230x230ex/image/retail/images/2020/04/23/12/7/4a499485-ba43-4196-bca0-a98bf7ada37e.jpg,https://www.coupang.com/vp/products/1520116386?itemId=2608344056&vendorItemId=70599451845&pickType=COU_PICK&q=%EC%95%88%EB%9D%BD%EC%9D%98%EC%9E%90&itemsCount=36&searchId=84750613a40745629d3dad18c81e7661&rank=3&isAddedCart=,릴렉스 접이식 의자 A형,1520116386,50,0,"33,390",쿠팡,집콕모드가구,True
8201,//thumbnail7.coupangcdn.com/thumbnails/remote/230x230ex/image/vendor_inventory/0842/7885eb08318c56b4571f4e40ad65cd3810911cbf0a2154a14392c161b0f3.jpg,https://www.coupang.com/vp/products/1597728939?itemId=2729585008&vendorItemId=70719737313&q=%EB%B2%A0%EB%93%9C%ED%85%8C%EC%9D%B4%EB%B8%94&itemsCount=36&searchId=5be1a89fbb304b41b5aa68892b655f21&rank=7&isAddedCart=,세진침대 스타 다용도 베드 테이블 SS Q 사은품 증정,1597728939,53,0,"42,000",쿠팡,집콕모드가구,True
8201,//thumbnail9.coupangcdn.com/thumbnails/remote/230x230ex/image/product/image/vendoritem/2019/06/21/4007951751/bec389e5-3339-438c-a913-1798097f213a.jpg,https://www.coupang.com/vp/products/141135461?itemId=411011123&vendorItemId=71462148887&q=%EB%B2%A0%EB%93%9C%ED%85%8C%EC%9D%B4%EB%B8%94&itemsCount=36&searchId=5be1a89fbb304b41b5aa68892b655f21&rank=3&isAddedCart=,그뤠잇라이프 다용도 접이식 라운딩 테이블 베드트레이,141135461,"3,759",0,,쿠팡,집콕모드가구,True
8201,//thumbnail6.coupangcdn.com/thumbnails/remote/230x230ex/image/vendor_inventory/6559/eeea56d30d52faaeec332374e306a79aaf679b7b8c5b2d36753a0d7618f3.jpg,https://www.coupang.com/vp/products/1631103477?itemId=2782132850&vendorItemId=70771881028&q=%EB%AA%A8%EC%85%98%EB%B2%A0%EB%93%9C&itemsCount=36&searchId=b0f510b7249f4391a51c7385a940cd3a&rank=1&isAddedCart=,세진침대 베리 미네 무중력 모션베드 전동침대 매트리스 라텍스,1631103477,31,0,"399,000",쿠팡,집콕모드가구,True
8201,//thumbnail8.coupangcdn.com/thumbnails/remote/230x230ex/image/retail/images/2020/02/06/10/2/b62a9904-f2ee-4693-bd54-569cc2a9ddad.jpg,https://www.coupang.com/vp/products/1253953956?itemId=2253870478&vendorItemId=70251219818&q=%EB%B2%A0%EB%93%9C%ED%85%8C%EC%9D%B4%EB%B8%94&itemsCount=36&searchId=5be1a89fbb304b41b5aa68892b655f21&rank=1&isAddedCart=,애니키 베드 독서대 책상 RD200,1253953956,719,0,"20,480",쿠팡,집콕모드가구,True
8202,//thumbnail9.coupangcdn.com/thumbnails/remote/230x230ex/image/retail/images/619553681639784-afffd17e-f801-470a-b342-717ce77b3302.jpg,https://www.coupang.com/vp/products/121299020?itemId=360848754&vendorItemId=3878049234&q=%EB%93%B1%EC%BF%A0%EC%85%98&itemsCount=36&searchId=92d2e48abb4d42eea3f9eebb383e043d&rank=1&isAddedCart=,리클라인 삼각 등받이 만능쿠션,121299020,"2,930",0,"23,040",쿠팡,세상편한쿠션,True
8202,//thumbnail10.coupangcdn.com/thumbnails/remote/230x230ex/image/retail/images/2020/06/29/17/2/ff3e02e1-c05e-4df7-b2a1-f411ccf488ef.jpg,https://www.coupang.com/vp/products/1765581507?itemId=3006386486&vendorItemId=70994609039&q=%EB%93%B1%EC%BF%A0%EC%85%98&itemsCount=36&searchId=92d2e48abb4d42eea3f9eebb383e043d&rank=3&isAddedCart=,베딩라인 등받이 삼각 등쿠션 모던체크,1765581507,639,0,"28,330",쿠팡,세상편한쿠션,True
8202,//thumbnail6.coupangcdn.com/thumbnails/remote/230x230ex/image/product/image/vendoritem/2019/06/18/4102719172/dea6acd2-e3ed-48d1-bcd0-54079904359b.jpg,https://www.coupang.com/vp/products/154415282?itemId=445237242&vendorItemId=4080881012&q=%EB%93%B1%EC%BF%A0%EC%85%98&itemsCount=36&searchId=92d2e48abb4d42eea3f9eebb383e043d&rank=2&isAddedCart=,쉬즈홈 순면 심플라인 바디필로우 일자형 솜포함,154415282,"2,326",0,"16,900",쿠팡,세상편한쿠션,True
8202,//thumbnail8.coupangcdn.com/thumbnails/remote/230x230ex/image/vendor_inventory/174d/95ed72f941a50c422150472b2be621e3e99b4ea6796de34f7effb4798b24.jpg,https://www.coupang.com/vp/products/245227909?itemId=777417372&vendorItemId=4966482450&q=%EB%93%B1%EC%BF%A0%EC%85%98&itemsCount=36&searchId=92d2e48abb4d42eea3f9eebb383e043d&rank=7&isAddedCart=,삼익가구 [삼익가구]필굿 삼각 등받이쿠션 헤드쿠션(대형) 헤드쿠션/대쿠션,245227909,375,0,"39,900",쿠팡,세상편한쿠션,True
8202,//thumbnail7.coupangcdn.com/thumbnails/remote/230x230ex/image/vendor_inventory/a9bc/1ca18a80babcb7240e178e013c345197dffbbbe86e3d7b4ac7fc9449000d.jpg,https://www.coupang.com/vp/products/2288363265?itemId=3933402490&vendorItemId=71917862520&q=%EB%93%B1%EC%BF%A0%EC%85%98&itemsCount=36&searchId=92d2e48abb4d42eea3f9eebb383e043d&rank=13&isAddedCart=,[텐바이텐] [미니멀룸] 찹쌀떡 베개 필로우 (초대형 등쿠션),2288363265,103,0,"32,900",쿠팡,세상편한쿠션,True
8202,//thumbnail7.coupangcdn.com/thumbnails/remote/230x230ex/image/retail/images/159432022853734-384d7d74-afb4-4495-91d1-58eaf6d483db.jpg,https://www.coupang.com/vp/products/260646155?itemId=815582847&vendorItemId=5096500380&pickType=COU_PICK&q=%EB%B9%88%EB%B0%B1&itemsCount=36&searchId=069380abf88b4b7b88b9cecd889ac97f&rank=1&isAddedCart=,리브맘 달콤 빈백 쇼파,260646155,413,0,"82,770",쿠팡,세상편한쿠션,True
8203,//thumbnail7.coupangcdn.com/thumbnails/remote/230x230ex/image/retail/images/972713664308490-84f54f98-abb1-43cb-853d-83ce1a673ed9.jpg,https://www.coupang.com/vp/products/4315812391?itemId=5014849485&vendorItemId=72324731261&q=%EA%B1%B0%EC%B9%98%EB%8C%80&itemsCount=36&searchId=70f3d40fd0c64fd09a9b6988f5b24863&rank=1&isAddedCart=,홈플래닛 140cm 스탠딩 탭 패드 태블릿 스마트폰 거치대 대형,4315812391,"1,430",0,"22,590",쿠팡,실용성갑거치대,True
8202,//thumbnail7.coupangcdn.com/thumbnails/remote/230x230ex/image/retail/images/2019/07/18/0/4/15ba42fc-3601-4229-a4bc-fd06a4158aa3.jpg,https://www.coupang.com/vp/products/260646155?itemId=815298787&vendorItemId=5096500409&q=%EB%B9%88%EB%B0%B1&itemsCount=36&searchId=069380abf88b4b7b88b9cecd889ac97f&rank=10&isAddedCart=,리브맘 달콤 빈백 쇼파,260646155,413,0,"82,770",쿠팡,세상편한쿠션,True
8202,//thumbnail9.coupangcdn.com/thumbnails/remote/230x230ex/image/retail/images/2017/07/26/14/8/5c437f77-fd04-4cf5-b1d2-879533d77a54.jpg,https://www.coupang.com/vp/products/28755540?itemId=110368787&vendorItemId=3215211624&q=%EB%B9%88%EB%B0%B1&itemsCount=36&searchId=069380abf88b4b7b88b9cecd889ac97f&rank=9&isAddedCart=,보니타 대형빈백 파우치 스웨이드 P202,28755540,240,0,"83,500",쿠팡,세상편한쿠션,True
8203,//thumbnail6.coupangcdn.com/thumbnails/remote/230x230ex/image/retail/images/2020/09/08/16/2/7e960642-06a4-45be-93d9-618d5ef16122.jpg,https://www.coupang.com/vp/products/2115287258?itemId=3592569005&vendorItemId=71578327638&q=%EA%B1%B0%EC%B9%98%EB%8C%80&itemsCount=36&searchId=70f3d40fd0c64fd09a9b6988f5b24863&rank=3&isAddedCart=,모가비 침대 스마트폰 자바라 거치대,2115287258,"1,559",0,"20,500",쿠팡,실용성갑거치대,True
8203,//thumbnail9.coupangcdn.com/thumbnails/remote/230x230ex/image/retail/images/240318747858621-a8d6ce27-d6ba-4983-93bd-121346c22177.jpg,https://www.coupang.com/vp/products/12853702?itemId=54105336&vendorItemId=3084727862&q=%EA%B1%B0%EC%B9%98%EB%8C%80&itemsCount=36&searchId=70f3d40fd0c64fd09a9b6988f5b24863&rank=2&isAddedCart=,크레앙 파워 스마트폰 거치대,12853702,"20,210",0,"9,900",쿠팡,실용성갑거치대,True
8202,//thumbnail8.coupangcdn.com/thumbnails/remote/230x230ex/image/vendor_inventory/7b9f/e92291d2c969c8823eff210a715e7160ff39715c1f8c4bed77f0daef1741.png,https://www.coupang.com/vp/products/1635204011?itemId=2788907215&vendorItemId=70778620968&q=%EB%B9%88%EB%B0%B1&itemsCount=36&searchId=069380abf88b4b7b88b9cecd889ac97f&rank=6&isAddedCart=,홈바디즈 초대형 빈백쇼파 1 2인용소파,1635204011,70,0,"149,000",쿠팡,세상편한쿠션,True
8203,//thumbnail6.coupangcdn.com/thumbnails/remote/230x230ex/image/vendor_inventory/f09b/9db18be30a280fe4fe2f49b94ff5ced2ed430e7216215a501dcca6c57abd.jpg,https://www.coupang.com/vp/products/1583662111?itemId=2707103038&vendorItemId=71201388173&q=%EA%B1%B0%EC%B9%98%EB%8C%80&itemsCount=36&searchId=70f3d40fd0c64fd09a9b6988f5b24863&rank=6&isAddedCart=,JIVA 5가지색상 핸드폰거치대 침대 휴대폰거치대 갤럭시탭 갤럭시 폴드 누워서 아이폰 태블릿 아이패드 책상 탁상 자바라거치대 흔들림없는 거치대,1583662111,"1,827",0,"15,900",쿠팡,실용성갑거치대,True
8203,//thumbnail10.coupangcdn.com/thumbnails/remote/230x230ex/image/retail/images/2020/07/03/15/4/deb24015-5d50-4563-8f36-f13eeb77ac20.jpg,https://www.coupang.com/vp/products/1790294076?itemId=3046844871&vendorItemId=75797847690&q=%EA%B1%B0%EC%B9%98%EB%8C%80&itemsCount=36&searchId=70f3d40fd0c64fd09a9b6988f5b24863&rank=26&isAddedCart=,텝토 접이식 아이패드 / 갤럭시탭 / G패드 태블릿 휴대용 거치대 스탠드,1790294076,177,0,"4,500",쿠팡,실용성갑거치대,True
8204,//thumbnail7.coupangcdn.com/thumbnails/remote/230x230ex/image/retail/images/2019/07/17/10/2/eba2e708-aa2a-46d9-be44-aec0d50f5e1d.jpg,https://www.coupang.com/vp/products/261972660?itemId=820161808&vendorItemId=5085782655&pickType=COU_PICK&q=%ED%84%B4%ED%85%8C%EC%9D%B4%EB%B8%94&itemsCount=36&searchId=c1199fb2560d45f9bab1b773181f0200&rank=1&isAddedCart=,소니 블루투스 스테레오 턴테이블,261972660,54,0,"279,000",쿠팡,집콕가전,True
8204,//thumbnail8.coupangcdn.com/thumbnails/remote/230x230ex/image/product/image/vendoritem/2019/03/27/3917903554/81993293-2e61-4a1c-82db-e351584c633b.jpg,https://www.coupang.com/vp/products/128658579?itemId=378890817&vendorItemId=3917903554&q=%ED%84%B4%ED%85%8C%EC%9D%B4%EB%B8%94&itemsCount=36&searchId=c1199fb2560d45f9bab1b773181f0200&rank=2&isAddedCart=,사운드룩 레트로 블루투스 턴테이블,128658579,124,0,"149,000",쿠팡,집콕가전,True
8203,//thumbnail6.coupangcdn.com/thumbnails/remote/230x230ex/image/retail/images/6765139512906-133d1af8-3aea-4d37-b28d-9c2335fad8d7.jpg,https://www.coupang.com/vp/products/4315794699?itemId=5014810181&vendorItemId=72324695401&q=%EA%B1%B0%EC%B9%98%EB%8C%80&itemsCount=36&searchId=70f3d40fd0c64fd09a9b6988f5b24863&rank=13&isAddedCart=,홈플래닛 고급형 탁상용 탭 패드 태블릿 스마트폰 거치대 (접이식 휴대용),4315794699,303,0,"14,030",쿠팡,실용성갑거치대,True
8204,//thumbnail10.coupangcdn.com/thumbnails/remote/230x230ex/image/product/image/vendoritem/2018/11/16/3507584000/a85194d2-1c8b-4b19-9c53-29fd0ee4f74c.jpg,https://www.coupang.com/vp/products/62345140?itemId=212887485&vendorItemId=3507584000&q=%ED%84%B4%ED%85%8C%EC%9D%B4%EB%B8%94&itemsCount=36&searchId=c1199fb2560d45f9bab1b773181f0200&rank=3&isAddedCart=,로우락 턴테이블 LP 플레이어 RLP-04,62345140,376,0,"65,300",쿠팡,집콕가전,True
8203,//thumbnail6.coupangcdn.com/thumbnails/remote/230x230ex/image/retail/images/80922864929086-144d75ca-c477-458c-bce4-3e091a418e9f.jpg,https://www.coupang.com/vp/products/4315846151?itemId=5014924323&vendorItemId=72324803231&q=%EA%B1%B0%EC%B9%98%EB%8C%80&itemsCount=36&searchId=70f3d40fd0c64fd09a9b6988f5b24863&rank=7&isAddedCart=,홈플래닛 고급형 탁상용 탭 패드 태블릿 스마트폰 거치대 (높이 조절),4315846151,"1,032",0,"10,020",쿠팡,실용성갑거치대,True
8204,//thumbnail6.coupangcdn.com/thumbnails/remote/230x230ex/image/product/image/vendoritem/2018/06/15/3486940915/a6e77fc4-a3ac-4009-8212-c110ca054a83.jpg,https://www.coupang.com/vp/products/59514402?itemId=205268785&vendorItemId=74477727522&q=%ED%84%B4%ED%85%8C%EC%9D%B4%EB%B8%94&itemsCount=36&searchId=c1199fb2560d45f9bab1b773181f0200&rank=6&isAddedCart=,ION Superior LP 턴테이블,59514402,406,0,"315,000",쿠팡,집콕가전,True
8204,//thumbnail8.coupangcdn.com/thumbnails/remote/230x230ex/image/retail/images/770603933415653-2cd802e2-29be-44d8-9136-2a421ffc4167.jpg,https://www.coupang.com/vp/products/345467363?itemId=1097166649&vendorItemId=75697263928&q=%EB%B8%94%EB%A3%A8%ED%88%AC%EC%8A%A4+%EC%8A%A4%ED%94%BC%EC%BB%A4&itemsCount=36&searchId=71f55cfb6b9842158b2d5e341d008f16&rank=3&isAddedCart=,JBL 방수지원 아웃도어 사운드 블루투스 스피커,345467363,"1,229",0,,쿠팡,집콕가전,True
8204,//thumbnail6.coupangcdn.com/thumbnails/remote/230x230ex/image/product/image/vendoritem/2019/09/20/3447164524/b6f2efdd-3274-48f8-898e-7855bb505ae3.jpg,https://www.coupang.com/vp/products/1915950631?itemId=3252952368&vendorItemId=3447164524&q=%EB%B8%94%EB%A3%A8%ED%88%AC%EC%8A%A4+%EC%8A%A4%ED%94%BC%EC%BB%A4&itemsCount=36&searchId=71f55cfb6b9842158b2d5e341d008f16&rank=1&isAddedCart=,레토 레인보우 LED 블루투스 스피커 NEOVOX LBT-R01,1915950631,"1,966",0,"43,180",쿠팡,집콕가전,True
8204,//thumbnail10.coupangcdn.com/thumbnails/remote/230x230ex/image/retail/images/2020/01/13/17/5/b4e8bd87-3dd8-443a-80d3-876f2e421c8d.jpg,https://www.coupang.com/vp/products/1173500388?itemId=2151804731&vendorItemId=70150101582&q=%EB%B9%94%ED%94%84%EB%A1%9C%EC%A0%9D%ED%84%B0&itemsCount=36&searchId=c87d2e050172407285863a9cd6ef861b&rank=1&isAddedCart=,씨앤케이 미니 빔프로젝터,1173500388,688,0,"109,000",쿠팡,집콕가전,True
8204,//thumbnail8.coupangcdn.com/thumbnails/remote/230x230ex/image/retail/images/2020/11/18/13/9/27756de8-42d4-4386-b855-a0890dde2fda.jpg,https://www.coupang.com/vp/products/4355492096?itemId=5115771848&vendorItemId=72425277470&q=%EB%B9%94%ED%94%84%EB%A1%9C%EC%A0%9D%ED%84%B0&itemsCount=36&searchId=c87d2e050172407285863a9cd6ef861b&rank=3&isAddedCart=,조아빔 무선 미러링 HD급 고해상도 LED 빔프로젝터 JD-720H,4355492096,143,0,"179,000",쿠팡,집콕가전,True
8204,//thumbnail10.coupangcdn.com/thumbnails/remote/230x230ex/image/retail/images/2017/11/21/15/3/37e774eb-8df7-4a6a-9fed-ce69fa8b4595.jpg,https://www.coupang.com/vp/products/48594579?itemId=171787844&vendorItemId=3411703203&q=%EB%B8%94%EB%A3%A8%ED%88%AC%EC%8A%A4+%EC%8A%A4%ED%94%BC%EC%BB%A4&itemsCount=36&searchId=71f55cfb6b9842158b2d5e341d008f16&rank=6&isAddedCart=,오아 아이브릭 블루투스 스피커,48594579,"2,912",0,"24,900",쿠팡,집콕가전,True
8204,//thumbnail9.coupangcdn.com/thumbnails/remote/230x230ex/image/retail/images/2019/09/26/12/7/1db08c50-a43f-42af-b985-19769c8d603a.jpg,https://www.coupang.com/vp/products/307919053?itemId=970898457&vendorItemId=5380337943&q=%EC%97%90%EC%96%B4%ED%94%84%EB%9D%BC%EC%9D%B4%EC%96%B4&itemsCount=36&searchId=9cd6919490294c3ca6301676fd805bfc&rank=2&isAddedCart=,키친플라워 쿠킨 대용량 디지털 에어프라이어 5.0L,307919053,809,0,"76,900",쿠팡,집콕가전,True
8205,//thumbnail6.coupangcdn.com/thumbnails/remote/230x230ex/image/product/image/vendoritem/2019/04/01/4065398111/9bd8faae-91b6-4457-80ad-ebb62141cdfb.jpg,https://www.coupang.com/vp/products/149473459?itemId=432160547&vendorItemId=4065398111&q=%EC%84%B1%EC%9D%B8+%EB%B3%B4%EB%93%9C%EA%B2%8C%EC%9E%84&itemsCount=36&searchId=398ecbcecb024b67b874a151a816592a&rank=1&isAddedCart=,주루주루 주루마블 모두의 술판 보드게임,149473459,246,0,"15,470",쿠팡,집콕놀거리,True
8204,//thumbnail6.coupangcdn.com/thumbnails/remote/230x230ex/image/retail/images/11121882400536-ad9c401e-6de6-474e-be66-cebe2b2825b6.jpg,https://www.coupang.com/vp/products/98385668?itemId=301804326&vendorItemId=75571753314&q=tv+%EC%9B%90%EB%A3%B8&itemsCount=36&searchId=8117fde96d8d4898960144a7ed41d33e&rank=1&isAddedCart=,티비드 HD LED 32 TV,98385668,"1,268",0,"385,000",쿠팡,집콕가전,True
8205,//thumbnail9.coupangcdn.com/thumbnails/remote/230x230ex/image/product/image/vendoritem/2019/01/29/3000165024/cdf9f3e9-eb15-4fd9-8555-6493c80713b9.jpg,https://www.coupang.com/vp/products/1077166?itemId=4631106&vendorItemId=3000165024&pickType=COU_PICK&q=%EC%84%B1%EC%9D%B8+%EB%B3%B4%EB%93%9C%EA%B2%8C%EC%9E%84&itemsCount=36&searchId=398ecbcecb024b67b874a151a816592a&rank=6&isAddedCart=,코리아보드게임즈 다빈치 코드,1077166,"3,581",0,"13,840",쿠팡,집콕놀거리,True
8205,//thumbnail10.coupangcdn.com/thumbnails/remote/230x230ex/image/vendor_inventory/5583/7de025e0bf08efe2f069f9b8e224e8984649cd10845c177048c0b01b8d7b.jpg,https://www.coupang.com/vp/products/1735847173?itemId=2954687941&vendorItemId=70943192106&q=%EC%84%B1%EC%9D%B8+%EB%B3%B4%EB%93%9C%EA%B2%8C%EC%9E%84&itemsCount=36&searchId=398ecbcecb024b67b874a151a816592a&rank=7&isAddedCart=,[응응마블] 휴대용 커플 연인 모두의 러브 주루마블 부루마블 보드게임 술게임,1735847173,16,0,"14,900",쿠팡,집콕놀거리,True
8204,//thumbnail7.coupangcdn.com/thumbnails/remote/230x230ex/image/retail/images/1479300464463-dd2ec536-38f0-4603-bc19-5554a568e743.jpg,https://www.coupang.com/vp/products/230912709?itemId=732281267&vendorItemId=4851231541&q=%EC%97%90%EC%96%B4%ED%94%84%EB%9D%BC%EC%9D%B4%EC%96%B4&itemsCount=36&searchId=9cd6919490294c3ca6301676fd805bfc&rank=1&isAddedCart=,홈플래닛 에어프라이어 1.6L,230912709,"2,423",0,"31,120",쿠팡,집콕가전,True
8205,//thumbnail7.coupangcdn.com/thumbnails/remote/230x230ex/image/product/image/vendoritem/2019/03/07/3434590596/f38972ee-d36a-497a-8a77-0974d9fd2ded.jpg,https://www.coupang.com/vp/products/51562064?itemId=182441523&vendorItemId=3434590596&q=%EC%84%B1%EC%9D%B8+%EB%B3%B4%EB%93%9C%EA%B2%8C%EC%9E%84&itemsCount=36&searchId=398ecbcecb024b67b874a151a816592a&rank=9&isAddedCart=,코리아보드게임즈 이스케이프 룸 방 탈출 게임,51562064,375,0,"34,650",쿠팡,집콕놀거리,True
8205,//thumbnail7.coupangcdn.com/thumbnails/remote/230x230ex/image/retail/images/69273822967156-300281e1-9500-4c5d-b571-f8346a336abe.jpg,https://www.coupang.com/vp/products/73741698?itemId=245175856&vendorItemId=3603012495&q=diy&itemsCount=36&searchId=538c27500c55483eb8e2b64e7dbdf6c6&rank=3&isAddedCart=,아디코 DIY 미니어처 하우스 키트 놀이동산,73741698,606,0,"12,900",쿠팡,집콕놀거리,True
8205,//thumbnail7.coupangcdn.com/thumbnails/remote/230x230ex/image/retail/images/2018/09/07/15/5/0ad0b0db-6f65-4deb-b208-1e12173d39f3.jpg,https://www.coupang.com/vp/products/132211487?itemId=388958260&vendorItemId=3945982115&pickType=COU_PICK&q=%EA%B2%8C%EC%9E%84%EA%B8%B0&itemsCount=36&searchId=14deadaa40d644f0adb834e64e6925fb&rank=1&isAddedCart=,SNK 네오지오 미니 게임기,132211487,68,0,"79,800",쿠팡,집콕놀거리,True
8205,//thumbnail8.coupangcdn.com/thumbnails/remote/230x230ex/image/retail/images/2019/05/22/11/1/7c26bcbf-8642-4e3a-b1e8-5dd673211ee2.jpg,https://www.coupang.com/vp/products/226036478?itemId=716084611&vendorItemId=4813118750&q=diy&itemsCount=36&searchId=538c27500c55483eb8e2b64e7dbdf6c6&rank=34&isAddedCart=,아이엠미니 DIY 미니어처하우스 냥이하우스 + 도구 + 케이스,226036478,205,0,"11,690",쿠팡,집콕놀거리,True
8205,//thumbnail10.coupangcdn.com/thumbnails/remote/230x230ex/image/vendor_inventory/3722/af65a8479e2b56dddf325081a084feb4af2044c0c08aefa3c32b2f533ed9.jpg,https://www.coupang.com/vp/products/1700478757?itemId=2894244165&vendorItemId=70883246638&q=%EA%B2%8C%EC%9E%84%EA%B8%B0&itemsCount=36&searchId=14deadaa40d644f0adb834e64e6925fb&rank=3&isAddedCart=,노리박스 (고급팩) TV연결 분리기통 오락실게임기 레트로게임기,1700478757,29,0,"315,000",쿠팡,집콕놀거리,True
8205,//thumbnail10.coupangcdn.com/thumbnails/remote/230x230ex/image/retail/images/429793404615871-979c4dbb-f86e-42bf-85dd-534a21713fc0.jpg,https://www.coupang.com/vp/products/229560551?itemId=727942681&vendorItemId=70346156623&q=%EA%B2%8C%EC%9E%84%EA%B8%B0&itemsCount=36&searchId=14deadaa40d644f0adb834e64e6925fb&rank=11&isAddedCart=,데이비드토이 쌍문동 무선 더블더블 오락실 게임기 랜덤 발송,229560551,217,0,,쿠팡,집콕놀거리,True
8205,//thumbnail10.coupangcdn.com/thumbnails/remote/230x230ex/image/retail/images/2020/03/17/21/3/bdc440e9-0b11-4a3b-bc0a-770a5dcf4b9d.jpg,https://www.coupang.com/vp/products/319484475?itemId=1021701408&vendorItemId=70432221751&q=%EA%B2%8C%EC%9E%84%EA%B8%B0&itemsCount=36&searchId=14deadaa40d644f0adb834e64e6925fb&rank=10&isAddedCart=,OKIO 레트로 가정용 게임기 620 GCO5,319484475,109,0,"35,000",쿠팡,집콕놀거리,True
8205,//thumbnail10.coupangcdn.com/thumbnails/remote/230x230ex/image/retail/images/2018/11/20/14/2/6be6e96a-4561-4aa2-970e-496aaaea418a.jpg,https://www.coupang.com/vp/products/159910886?itemId=459110442&vendorItemId=4944036650&q=%EA%B2%8C%EC%9E%84%EA%B8%B0&itemsCount=36&searchId=14deadaa40d644f0adb834e64e6925fb&rank=31&isAddedCart=,삼진 두더지왕 보드게임,159910886,681,0,"26,900",쿠팡,집콕놀거리,True
8205,//thumbnail8.coupangcdn.com/thumbnails/remote/230x230ex/image/retail/images/2019/08/01/11/6/a9fd77bb-5c51-4fff-ab0a-b17f5da81553.jpg,https://www.coupang.com/vp/products/272270135?itemId=857121289&vendorItemId=72782523242&q=%EB%8B%8C%ED%85%90%EB%8F%84%EC%8A%A4%EC%9C%84%EC%B9%98&itemsCount=36&searchId=a4d9e87e5c49417db35beac1667e8d63&rank=2&isAddedCart=,닌텐도 스위치 본체네온신형,272270135,"2,868",0,"379,500",쿠팡,집콕놀거리,True
8301,//thumbnail10.coupangcdn.com/thumbnails/remote/230x230ex/image/retail/images/2020/10/27/17/1/3777f3dd-3300-4b84-964d-e1844352ab02.jpg,https://www.coupang.com/vp/products/2040040605?itemId=3468399478&vendorItemId=72043559414&q=%ED%8C%8C%ED%8B%B0%EC%9E%A5%EC%8B%9D&itemsCount=36&searchId=836a193c11da4861834cbd5961d1b5aa&rank=2&isAddedCart=,피앤비유니티 유니콘 로얄 생일 장식 풍선 세트,2040040605,499,0,"12,240",쿠팡,파티용필수장식,True
8301,//thumbnail8.coupangcdn.com/thumbnails/remote/230x230ex/image/retail/images/2019/05/07/1/0/9c82a206-ad2c-4631-91e0-a373cb4c7217.jpg,https://www.coupang.com/vp/products/218270700?itemId=675662382&vendorItemId=5157481874&q=%ED%8C%8C%ED%8B%B0%EC%9E%A5%EC%8B%9D&itemsCount=36&searchId=836a193c11da4861834cbd5961d1b5aa&rank=3&isAddedCart=,파티팡 천장풍선세트 풍선 랜덤 발송 20p + 은박풍선 3p + 양면테이프 + 컬링리본,218270700,596,0,"9,800",쿠팡,파티용필수장식,True
8301,//thumbnail8.coupangcdn.com/thumbnails/remote/230x230ex/image/retail/images/2020/03/20/16/3/597da6ed-7aa0-431e-a200-91c05de09416.jpg,https://www.coupang.com/vp/products/1418095845?itemId=2455431733&vendorItemId=70448992227&q=%ED%8C%8C%ED%8B%B0%EC%9E%A5%EC%8B%9D&itemsCount=36&searchId=836a193c11da4861834cbd5961d1b5aa&rank=7&isAddedCart=,파티해 생일파티 장식세트,1418095845,377,0,"16,340",쿠팡,파티용필수장식,True
8301,//thumbnail8.coupangcdn.com/thumbnails/remote/230x230ex/image/retail/images/2020/03/20/16/3/078559d2-400e-4560-84e0-3ed35a09c061.jpg,https://www.coupang.com/vp/products/1418095845?itemId=2455431734&vendorItemId=70448992251&q=%ED%99%88%ED%8C%8C%ED%8B%B0+%EC%84%B8%ED%8A%B8&itemsCount=36&searchId=86da856b5e0646b1838a9571143cb38f&rank=1&isAddedCart=,파티해 생일파티 장식세트,1418095845,377,0,"16,340",쿠팡,파티용필수장식,True
8301,//thumbnail7.coupangcdn.com/thumbnails/remote/230x230ex/image/retail/images/2019/06/05/17/5/4c1a059d-3413-41e1-b55b-123601c3a831.jpg,https://www.coupang.com/vp/products/2172639599?itemId=3695556860&vendorItemId=71680857806&q=%ED%8C%8C%ED%8B%B0%EC%9E%A5%EC%8B%9D&itemsCount=36&searchId=836a193c11da4861834cbd5961d1b5aa&rank=10&isAddedCart=,파티쇼 파티장식은박수술커튼 4p,2172639599,57,0,"8,590",쿠팡,파티용필수장식,True
8301,//thumbnail9.coupangcdn.com/thumbnails/remote/230x230ex/image/retail/images/2020/04/23/9/5/d0591f73-d783-40f0-a61a-a525b3144a8d.jpg,https://www.coupang.com/vp/products/1504482316?itemId=2583045875&vendorItemId=70575271785&q=%ED%8C%8C%ED%8B%B0%EC%86%8C%ED%92%88&itemsCount=36&searchId=f8e7cc99642d4330b50e19bb13b1a9f1&rank=11&isAddedCart=,케익 모자 + 생일 머핀 안경 세트,1504482316,328,0,"9,500",쿠팡,파티용필수장식,True
8301,//thumbnail6.coupangcdn.com/thumbnails/remote/230x230ex/image/vendor_inventory/80c0/72c0cf98dbd535e79740a466c2ae427cbbe2b8f64344a914a5bb8a1d969c.png,https://www.coupang.com/vp/products/4835198258?itemId=6243988063&vendorItemId=73539741936&q=%ED%8C%8C%ED%8B%B0+%EB%A8%B8%EB%A6%AC%EB%9D%A0&itemsCount=36&searchId=081046c69f7046f481e7f5f59b31fb95&rank=0&isAddedCart=,[오늘발송] 파티머리띠 스프링 해피벌스데이 생일 생일머리띠 친구 축하 HBD,4835198258,7,0,"7,900",쿠팡,파티용필수장식,True
8301,//thumbnail8.coupangcdn.com/thumbnails/remote/230x230ex/image/retail/images/2019/07/29/10/6/b4ffa88a-56e4-422b-b819-0a728ae2538b.jpg,https://www.coupang.com/vp/products/269190105?itemId=845417904&vendorItemId=5150166690&q=%ED%8C%8C%ED%8B%B0%EC%86%8C%ED%92%88&itemsCount=36&searchId=f8e7cc99642d4330b50e19bb13b1a9f1&rank=28&isAddedCart=,파티쇼 큐빅 티아라 왕관 중 + 대 세트 B타입,269190105,72,0,"8,000",쿠팡,파티용필수장식,True
8205,//thumbnail9.coupangcdn.com/thumbnails/remote/230x230ex/image/retail/images/266560915800919-57745642-12df-4ace-b6ab-9a3c52f0d990.jpg,https://www.coupang.com/vp/products/68467510?itemId=228530166&vendorItemId=3558317760&q=diy&itemsCount=36&searchId=538c27500c55483eb8e2b64e7dbdf6c6&rank=27&isAddedCart=,아트조이 DIY 명화 그리기 세트 40 x 50 cm,68467510,"15,260",0,"9,500",쿠팡,집콕놀거리,True
8302,//thumbnail7.coupangcdn.com/thumbnails/remote/230x230ex/image/retail/images/2017/08/04/16/5/c2542d92-fac5-4380-b6fd-aa4873c4b3b7.jpg,https://www.coupang.com/vp/products/29858320?itemId=114130369&vendorItemId=3226328364&q=%ED%8C%8C%ED%8B%B0+%EC%A1%B0%EB%AA%85&itemsCount=36&searchId=45f40577452f4156b0f226072921692f&rank=3&isAddedCart=,엠파이어 휴대용 미러볼 JR210,29858320,"1,775",0,"8,800",쿠팡,턴업조명,True
8301,//thumbnail7.coupangcdn.com/thumbnails/remote/230x230ex/image/vendor_inventory/8e50/472cd622f5e1761cbe59a61897d4160705102e72869a9a17bd1345be4df2.jpg,https://www.coupang.com/vp/products/26792219?itemId=103664866&vendorItemId=3174577777&q=%EC%83%9D%EC%9D%BC%EC%BC%80%EC%9D%B4%ED%81%AC%ED%86%A0%ED%8D%BC&itemsCount=36&searchId=3617e5b11f294e29a1d099b705c350a0&rank=2&isAddedCart=,달님토퍼 [문구완전자유] 케이크토퍼 파티용품,26792219,"1,094",0,"6,900",쿠팡,파티용필수장식,True
8302,//thumbnail10.coupangcdn.com/thumbnails/remote/230x230ex/image/retail/images/145728035923499-b303b8f2-c869-45cc-b1c6-6a46a8c49baf.jpg,https://www.coupang.com/vp/products/241296129?itemId=767232569&vendorItemId=4936298126&q=%ED%8C%8C%ED%8B%B0+%EC%A1%B0%EB%AA%85&itemsCount=36&searchId=45f40577452f4156b0f226072921692f&rank=1&isAddedCart=,데이홈 리모컨 방수형 건전지 앵두전구 줄조명 50구,241296129,"2,709",0,"13,950",쿠팡,턴업조명,True
8302,//thumbnail7.coupangcdn.com/thumbnails/remote/230x230ex/image/retail/images/648975908580165-a9e87c57-32e1-40f8-ac08-4d44d79d5673.jpg,https://www.coupang.com/vp/products/69127819?itemId=231242883&vendorItemId=3564554337&pickType=COU_PICK&q=%ED%8C%8C%ED%8B%B0+%EC%A1%B0%EB%AA%85&itemsCount=36&searchId=45f40577452f4156b0f226072921692f&rank=2&isAddedCart=,디온리원 LED 미러볼,69127819,883,0,"17,900",쿠팡,턴업조명,True
8302,//thumbnail7.coupangcdn.com/thumbnails/remote/230x230ex/image/retail/images/2563830858058-3d236a5d-ed01-48e7-a986-d4d76501d5d3.jpg,https://www.coupang.com/vp/products/73759806?itemId=245211141&vendorItemId=3603068418&q=%ED%8C%8C%ED%8B%B0+%EC%96%91%EC%B4%88&itemsCount=36&searchId=9984418e22aa4aaea76b680210332834&rank=1&isAddedCart=,파티복닷컴 LED 티라이트 오렌지,73759806,304,0,"9,700",쿠팡,턴업조명,True
8302,//thumbnail7.coupangcdn.com/thumbnails/remote/230x230ex/image/vendor_inventory/12e0/291b0f7de832989b6e0b642d6fbfcbc4718799c575bdb49e1d8ad5f14682.jpg,https://www.coupang.com/vp/products/69041356?itemId=828158482&vendorItemId=72043728046&q=%ED%8C%8C%ED%8B%B0+%EC%96%91%EC%B4%88&itemsCount=36&searchId=9984418e22aa4aaea76b680210332834&rank=6&isAddedCart=,생일초 멜로디 회전캔들 자동개화 연꽃초 1개,69041356,587,0,"2,200",쿠팡,턴업조명,True
8302,//thumbnail8.coupangcdn.com/thumbnails/remote/230x230ex/image/vendor_inventory/736d/f85f730ed8faaab5a9d08d0974f649588bf130fe99e6c506144e114843c2.jpg,https://www.coupang.com/vp/products/4394194992?itemId=5210883561&vendorItemId=72520012814&q=%ED%8C%8C%ED%8B%B0%EC%B4%88&itemsCount=36&searchId=5acdd90809fd4e189c4beb4a2a93f90a&rank=1&isAddedCart=,이큐컴퍼니 색깔초 레인보우불꽃초(12pcs) 축하파티초 생일초,4394194992,52,0,"3,250",쿠팡,턴업조명,True
8302,//thumbnail7.coupangcdn.com/thumbnails/remote/230x230ex/image/vendor_inventory/0fcc/6bec10757b86caad80ee0dc7e5c2b2c3cc416978525fcf085d3dbf6c47ca.jpg,https://www.coupang.com/vp/products/5058120567?itemId=6826931608&vendorItemId=74119562993&q=%ED%8C%8C%ED%8B%B0%EC%B4%88&itemsCount=36&searchId=5acdd90809fd4e189c4beb4a2a93f90a&rank=9&isAddedCart=,생일초 샹들리에 생일케익초 촛대 캔들 세트,5058120567,22,0,"1,650",쿠팡,턴업조명,True
8302,//thumbnail10.coupangcdn.com/thumbnails/remote/230x230ex/image/rs_quotation_api/f8f2/877a2970245d363b570a7ccadf4caa2f785493ea0034360d65d40c5cdd40.jpg,https://www.coupang.com/vp/products/4577504498?itemId=5604182365&vendorItemId=72903414076&q=%EC%B4%9B%EB%8C%80&itemsCount=36&searchId=50a8b8b5f4444372a7a1c5f052b4a112&rank=1&isAddedCart=,모던앳 크리스탈 티라이트 캔들홀더,4577504498,15,0,"7,630",쿠팡,턴업조명,True
8304,//thumbnail6.coupangcdn.com/thumbnails/remote/230x230ex/image/product/image/vendoritem/2018/11/26/3947690334/8fb08581-ceb4-429a-bedd-149cfb7a303b.jpg,https://www.coupang.com/vp/products/132480564?itemId=389619891&vendorItemId=73502925422&q=%EB%A7%A5%EC%A3%BC+%EA%B1%B0%ED%92%88%EA%B8%B0&itemsCount=36&searchId=b63fe53c97eb4f2390d3194be2245e40&rank=1&isAddedCart=,휘릭 프리미엄 맥주거품기,132480564,73,0,"59,800",쿠팡,알콜력상승아이템,True
8302,//thumbnail7.coupangcdn.com/thumbnails/remote/230x230ex/image/vendor_inventory/8639/ed0a01b74adc621404e7ad8f09a4266c7f073dde0ffa54d975812a860e92.jpg,https://www.coupang.com/vp/products/1388793395?vendorItemId=74158053438&sourceType=SDP_ALSO_VIEWED&rmdId=ea02e6bcd8e94dc89bbeb5be80108589&eventLabel=recommendation_widget_pc_sdp_001&platform=web&rmdABTestInfo=12574:B&rmdValue=p4577504498:vt-1.0.0:p1388793395&isAddedCart=,220VSHOP 갓스탠드 디자인 골드 크리스탈 캔들홀더,1388793395,19,0,"18,000",쿠팡,턴업조명,True
8303,//thumbnail10.coupangcdn.com/thumbnails/remote/230x230ex/image/retail/images/21390514199770-79e05f8c-d038-4572-a227-01001e674f18.jpg,https://www.coupang.com/vp/products/332177583?itemId=1061321312&vendorItemId=5539788757&q=%EC%88%A0%EC%9E%94&itemsCount=36&searchId=ee7a1b9608b543f3a1a8a7bb7eedcc40&rank=3&isAddedCart=,에라토 옳음 소주잔 5종 세트,332177583,110,0,"10,440",쿠팡,술맛달달술잔,True
8303,//thumbnail6.coupangcdn.com/thumbnails/remote/230x230ex/image/vendor_inventory/3df8/0d7f6d6d0d4f26b9377c22e41347a30f21f2870fe381ead3a46033f25bc0.jpg,https://www.coupang.com/vp/products/1652776720?itemId=2815994211&vendorItemId=70805500291&q=%EC%98%88%EC%81%9C%EC%88%A0%EC%9E%94&itemsCount=36&searchId=b2d83bdc9bf946d5a310d1d8e29f22af&rank=2&isAddedCart=,데이즈룸 골드 쁘띠 소주잔 50ml 4P세트 술잔,1652776720,23,0,"12,500",쿠팡,술맛달달술잔,True
8303,//thumbnail8.coupangcdn.com/thumbnails/remote/230x230ex/image/retail/images/249438541472365-25b7e8e6-622d-4d62-a0db-ccc8e5fa88ba.jpg,https://www.coupang.com/vp/products/220775430?itemId=688739338&vendorItemId=4766342125&pickType=COU_PICK&q=%EC%98%88%EC%81%9C%EC%88%A0%EC%9E%94&itemsCount=36&searchId=b2d83bdc9bf946d5a310d1d8e29f22af&rank=10&isAddedCart=,카카오프렌즈 시그니처 소맥잔 4p 세트,220775430,458,0,"12,730",쿠팡,술맛달달술잔,True
8304,//thumbnail8.coupangcdn.com/thumbnails/remote/230x230ex/image/retail/images/2018/01/03/10/6/9c5385c2-bac8-46e9-9881-cac61fcbe9b0.jpg,https://www.coupang.com/vp/products/57736019?itemId=200251913&vendorItemId=3475742431&q=%ED%98%BC%EC%88%A0&itemsCount=36&searchId=9c42210708af4e09914bd6612d0c5448&rank=6&isAddedCart=,노마드캠핑 일본 미니 정사각 화로대 세트,57736019,129,0,"28,990",쿠팡,알콜력상승아이템,True
8304,//thumbnail9.coupangcdn.com/thumbnails/remote/230x230ex/image/retail/images/2020/08/04/18/4/9593a353-a965-4aac-a58a-662ef3f34eaa.jpg,https://www.coupang.com/vp/products/1916502970?itemId=3253860860&vendorItemId=71240931329&q=%EB%A7%A5%EC%A3%BC%EB%83%89%EC%9E%A5%EA%B3%A0&itemsCount=36&searchId=a02d72dd55724f1f99b738ff840e2b0f&rank=6&isAddedCart=,올리 저소음 미니 냉장고 스칼렛 레드 24L OLR02R,1916502970,34,0,"179,000",쿠팡,알콜력상승아이템,True
8401,//thumbnail9.coupangcdn.com/thumbnails/remote/230x230ex/image/retail/images/11257353267857-473c4638-bdfb-445d-a110-db691e93f710.jpg,https://www.coupang.com/vp/products/1805197683?itemId=903753885&vendorItemId=5264494424&pickType=COU_PICK&q=%EA%B2%8C%EC%9D%B4%EB%B0%8D%EC%9D%98%EC%9E%90&itemsCount=36&searchId=75b3b51295e74097aed4b7ead569615a&rank=1&isAddedCart=,제닉스 ARENA TYPE-1 게이밍 의자,1805197683,"1,459",0,"169,000",쿠팡,게이밍의자/발받침,True
8401,//thumbnail7.coupangcdn.com/thumbnails/remote/230x230ex/image/retail/images/2020/07/31/12/5/d80a9ec7-859b-472d-b825-49bfe9b4121c.jpg,https://www.coupang.com/vp/products/1910528077?itemId=3243789432&vendorItemId=71230971420&q=%EA%B2%8C%EC%9D%B4%EB%B0%8D%EC%9D%98%EC%9E%90&itemsCount=36&searchId=75b3b51295e74097aed4b7ead569615a&rank=3&isAddedCart=,린백 첼시 게이밍 의자 LB53CS + 첼시장패드 + 등쿠션 + 목쿠션 세트,1910528077,357,0,"151,000",쿠팡,게이밍의자/발받침,True
8401,//thumbnail7.coupangcdn.com/thumbnails/remote/230x230ex/image/product/image/vendoritem/2016/11/09/3015113822/26322b2f-3554-4d1d-9985-b44011bb6f33.jpg,https://www.coupang.com/vp/products/2248379?itemId=10262817&vendorItemId=3015113822&q=%EC%BB%B4%ED%93%A8%ED%84%B0+%EC%9D%98%EC%9E%90&itemsCount=36&searchId=ade200669f4748e49eb4d7f54b753c0b&rank=1&isAddedCart=,체어클럽 에코듀얼S7 요추헤더형 화이트바디 의자,2248379,"3,686",0,"59,900",쿠팡,게이밍의자/발받침,True
8401,//thumbnail9.coupangcdn.com/thumbnails/remote/230x230ex/image/vendor_inventory/images/2018/09/04/14/9/4f7498a4-2c4f-4566-97e7-51b6485c8229.jpg,https://www.coupang.com/vp/products/154831627?itemId=446372644&vendorItemId=3930511849&q=%EA%B2%8C%EC%9D%B4%EB%B0%8D%EC%9D%98%EC%9E%90&itemsCount=36&searchId=75b3b51295e74097aed4b7ead569615a&rank=12&isAddedCart=,에이픽스 울프 컴퓨터 게이밍의자 GC001,154831627,"1,198",0,"159,000",쿠팡,게이밍의자/발받침,True
8401,//thumbnail7.coupangcdn.com/thumbnails/remote/230x230ex/image/retail/images/14347333777932-e95187b6-71b6-47e6-864f-4757285e3615.jpg,https://www.coupang.com/vp/products/1736136477?itemId=2955157889&vendorItemId=70943669262&q=%EA%B2%8C%EC%9D%B4%EB%B0%8D%EC%9D%98%EC%9E%90&itemsCount=36&searchId=75b3b51295e74097aed4b7ead569615a&rank=6&isAddedCart=,린백 게이밍 의자 블랙 에디션,1736136477,598,0,"109,000",쿠팡,게이밍의자/발받침,True
8401,//thumbnail7.coupangcdn.com/thumbnails/remote/230x230ex/image/product/image/vendoritem/2019/05/21/4278637443/1308e6cc-b216-4ee7-9315-d30877ad8a9f.jpg,https://www.coupang.com/vp/products/175353371?itemId=501216585&vendorItemId=4278637443&q=%EA%B2%8C%EC%9D%B4%EB%B0%8D%EC%9D%98%EC%9E%90&itemsCount=36&searchId=75b3b51295e74097aed4b7ead569615a&rank=2&isAddedCart=,알파카 게이밍의자 일반형,175353371,"2,659",0,"73,730",쿠팡,게이밍의자/발받침,True
8401,//thumbnail10.coupangcdn.com/thumbnails/remote/230x230ex/image/retail/images/2020/06/29/15/0/e8186e5b-727f-46b4-9f3b-b5242ca001ab.JPG,https://www.coupang.com/vp/products/192147949?itemId=549694138&vendorItemId=70986780697&pickType=COU_PICK&q=%EC%A2%8C%EC%8B%9D+%EA%B2%8C%EC%9D%B4%EB%B0%8D%EC%9D%98%EC%9E%90&itemsCount=36&searchId=589d05026be740ec9b12e5270e5b6c8f&rank=1&isAddedCart=,블루밍홈 게이밍 좌식의자 PF10,192147949,126,0,"96,200",쿠팡,게이밍의자/발받침,True
8402,//thumbnail10.coupangcdn.com/thumbnails/remote/230x230ex/image/rs_quotation_api/qgzz89bi/269c9796188340b3b9c4285e462678ad.jpg,https://www.coupang.com/vp/products/4821977591?itemId=6213064250&vendorItemId=73508988306&q=%EA%B2%8C%EC%9D%B4%EB%B0%8D+%EC%B1%85%EC%83%81&itemsCount=36&searchId=768cb109968f4a07a8593afe54c6f1d9&rank=1&isAddedCart=,앱코 HACKER 올인원 게이밍 책상 AGF01,4821977591,63,0,"106,610",쿠팡,게이밍책상,True
8402,//thumbnail6.coupangcdn.com/thumbnails/remote/230x230ex/image/retail/images/268698749864266-810613f8-2e49-440c-9b3f-a5940d5a92ad.jpg,https://www.coupang.com/vp/products/1601845545?itemId=2736017012&vendorItemId=70726113215&q=%EC%BB%B4%ED%93%A8%ED%84%B0+%EC%B1%85%EC%83%81&itemsCount=36&searchId=974012f08e9945cb81437851699d62e6&rank=1&isAddedCart=,코멧 멀티 책상 1260,1601845545,"2,047",0,"29,500",쿠팡,게이밍책상,True
8402,//thumbnail10.coupangcdn.com/thumbnails/remote/230x230ex/image/vendor_inventory/images/2017/05/02/17/1/4a306c66-7a7b-4854-ada8-56d9e88472e4.jpg,https://www.coupang.com/vp/products/20957606?itemId=81831668&vendorItemId=70923665822&q=%EC%BB%B4%ED%93%A8%ED%84%B0+%EC%B1%85%EC%83%81&itemsCount=36&searchId=974012f08e9945cb81437851699d62e6&rank=18&isAddedCart=,스킬디자인 스마트 컴퓨터책상,20957606,571,0,"65,900",쿠팡,게이밍책상,True
8402,//thumbnail10.coupangcdn.com/thumbnails/remote/230x230ex/image/retail/images/2020/06/30/14/2/c931a9c6-f7a5-4a17-9518-096f15f889d9.jpg,https://www.coupang.com/vp/products/1299141129?itemId=414254521&vendorItemId=70990517994&q=%EC%A2%8C%EC%8B%9D+%EA%B2%8C%EC%9D%B4%EB%B0%8D%EC%B1%85%EC%83%81&itemsCount=36&searchId=fc0b9079068e461b8e2d8f80bab12239&rank=1&isAddedCart=,블루밍홈 심플 H형 좌식책상 120 x 60 cm,1299141129,156,0,"45,780",쿠팡,게이밍책상,True
8402,//thumbnail9.coupangcdn.com/thumbnails/remote/230x230ex/image/retail/images/2020/08/18/17/1/25974144-e3f2-4bfd-a91b-e219345c01cd.jpg,https://www.coupang.com/vp/products/1952006196?itemId=3315869308&vendorItemId=71364981510&pickType=COU_PICK&q=%EC%A2%8C%EC%8B%9D+%EA%B2%8C%EC%9D%B4%EB%B0%8D%EC%B1%85%EC%83%81&itemsCount=36&searchId=fc0b9079068e461b8e2d8f80bab12239&rank=2&isAddedCart=,블루밍홈 카잔 좌식 책상 1200,1952006196,49,0,"34,050",쿠팡,게이밍책상,True
8402,//thumbnail7.coupangcdn.com/thumbnails/remote/230x230ex/image/vendor_inventory/a2a5/2de970792717085ad72f59cc7a520a8f907526835ce567e3409ae0fdc022.jpg,https://www.coupang.com/vp/products/1513166907?itemId=2597140095&vendorItemId=70588355363&q=%EA%B2%8C%EC%9D%B4%EB%B0%8D+%EC%B1%85%EC%83%81&itemsCount=36&searchId=5b51cf25ed21439b9893e255e26e63d9&rank=21&isAddedCart=,아우스 AUS 강화유리 컴퓨터책상 게이밍책상 컴퓨터테이블 학생책상 서재책상 사무용책상 1인용 2인용,1513166907,680,0,"74,800",쿠팡,게이밍책상,True
8403,//thumbnail7.coupangcdn.com/thumbnails/remote/230x230ex/image/retail/images/2019/06/20/6/1/094a7a6d-4a94-480d-8081-08475d5a0246.jpg,https://www.coupang.com/vp/products/243197044?itemId=772035928&vendorItemId=4949971523&q=%EA%B2%8C%EC%9D%B4%EB%B0%8D+%EB%AA%A8%EB%8B%88%ED%84%B0+%EB%B0%9B%EC%B9%A8%EB%8C%80&itemsCount=36&searchId=c4b4e51fbb83449cb71ab231c2218ceb&rank=2&isAddedCart=,에이픽스 강화유리 모니터받침대 MS001,243197044,234,0,"16,470",쿠팡,게이밍책상꾸미기,True
8402,//thumbnail6.coupangcdn.com/thumbnails/remote/230x230ex/image/rs_quotation_api/xpvcch3w/2d3cfb76daf1424fa7b58b45528b77cd.jpg,https://www.coupang.com/vp/products/4649282655?itemId=5794122610&vendorItemId=73092623620&q=%EC%A2%8C%EC%8B%9D+%EC%BB%B4%ED%93%A8%ED%84%B0+%EC%B1%85%EC%83%81&itemsCount=36&searchId=874526134efc413eacb88066a90622a4&rank=1&isAddedCart=,소프시스 위더스 컴퓨터 좌식책상 1252,4649282655,17,0,"38,240",쿠팡,게이밍책상,True
8403,//thumbnail10.coupangcdn.com/thumbnails/remote/230x230ex/image/retail/images/1286383723811851-11948d10-aa1e-419e-a40c-73ad1b2b9e89.jpg,https://www.coupang.com/vp/products/220762294?itemId=688683749&vendorItemId=4766224930&q=%EA%B2%8C%EC%9D%B4%EB%B0%8D+%ED%8C%A8%EB%93%9C&itemsCount=36&searchId=e699d8d4b99741c4906a31ecf40a5419&rank=23&isAddedCart=,컴썸 RGB LED 게이밍 마우스 장패드,220762294,318,0,"21,050",쿠팡,게이밍책상꾸미기,True
8402,//thumbnail10.coupangcdn.com/thumbnails/remote/230x230ex/image/vendor_inventory/1752/18565c733d947716d9167b6ab731db5716e52e1dbf2d53c5104e08151a8f.jpg,https://www.coupang.com/vp/products/5016158198?itemId=6722128169&vendorItemId=74015123050&q=%EB%AA%A8%EC%85%98%EB%8D%B0%EC%8A%A4%ED%81%AC&itemsCount=36&searchId=e1fe2928797441619af7ad41c673c14c&rank=1&isAddedCart=,[수도권 5일 로켓배송+가격인하] 포더홈 라이브 저소음 듀얼모터 높이조절 책상 모션데스크 스탠딩책상 1인용 독서실 게이밍책상 철제책상 학생책상 홈오피스 이케아st,5016158198,10,0,"299,000",쿠팡,게이밍책상,True
8404,//thumbnail7.coupangcdn.com/thumbnails/remote/230x230ex/image/vendor_inventory/2a3d/7fc35ce1f3e3c194c02bd6eecd8070593ce6ff3cf8bb3b8b4c643d1840d7.png,https://www.coupang.com/vp/products/1528806451?itemId=2622598681&vendorItemId=76344126675&q=PC%EB%B0%A9+%EC%A1%B0%EB%AA%85&itemsCount=36&searchId=badf040193834c638a8c7367dfe82d66&rank=1&isAddedCart=,디파워샵 오드 LED 스트립 15색 인테리어 무드등 붙이는 간접 조명 RGB LED바 (사이즈 0.5m 1.5m 2.0m) 컴퓨터 PC방 백 라이트 리모컨 줄조명 틱톡 유튜브,1528806451,0,0,"16,200",쿠팡,PC방감성조명,True
8404,//thumbnail7.coupangcdn.com/thumbnails/remote/230x230ex/image/vendor_inventory/a654/01d300cf1990b466734ad0623ae8da9bbe3352f304381430eb44904264d0.png,https://www.coupang.com/vp/products/5455899874?itemId=8338961464&vendorItemId=75626771476&sourceType=SDP_ADS&isAddedCart=,LED 네온사인 무드등 바이브폴 인테리어 간접조명 틱톡조명 네온바,5455899874,14,0,"23,000",쿠팡,PC방감성조명,True
8404,//thumbnail6.coupangcdn.com/thumbnails/remote/230x230ex/image/vendor_inventory/aec3/a56b7fe42f2b44ba04c7d00e09ae8a163af690d0790489743219a095d246.jpg,https://www.coupang.com/vp/products/130648669?itemId=384574134&vendorItemId=3933872424&q=PC%EB%B0%A9+%EC%A1%B0%EB%AA%85&itemsCount=36&searchId=badf040193834c638a8c7367dfe82d66&rank=9&isAddedCart=,마니LED 홈데코 RGB 무드등 20cm & 뮤직컨트롤러 모니터조명,130648669,263,0,"20,800",쿠팡,PC방감성조명,True
8403,//thumbnail9.coupangcdn.com/thumbnails/remote/230x230ex/image/product/image/vendoritem/2019/07/03/4275368121/156885b1-aaf0-479f-b7f0-9a7c17cb2d4e.jpg,https://www.coupang.com/vp/products/175060178?itemId=500298742&vendorItemId=4275368121&q=%EA%B2%8C%EC%9D%B4%EB%B0%8D+%ED%97%A4%EB%93%9C%EC%85%8B+%EA%B1%B0%EC%B9%98%EB%8C%80&itemsCount=36&searchId=236b7629b98b42cbacc183c4f7445e83&rank=3&isAddedCart=,젬스트 헤드셋 거치대,175060178,381,0,"6,830",쿠팡,게이밍책상꾸미기,True
